id,domain,status,purchase_price,renewal_price,attractiveness,demand,length,registrar,created_at,expires_at,status_verified_at
63d5c9d2-2469-43b0-9216-d2bc267db06f,posting.mba,available,17,,high,low,7,unstoppable,,,30/09/2026 06:59
00933202-cdf5-46a1-9d6c-66c87f17afca,brittany.mba,available,17.99,39.99,high,low,8,namesilo,,,27/09/2026 03:23
edb6cc68-874c-47e7-b9d2-f6bea4e5ce15,samos.mba,available,17.99,39.99,medium,low,5,namesilo,,,02/10/2026 08:27
ae8a271f-e1f2-435b-8f5b-4b36e2841767,epiphany.mba,available,17,,high,low,8,unstoppable,,,02/10/2026 04:43
70f67bf9-e0a2-4c26-a61c-dd23927841b0,popcorn.mba,available,30.2,30.2,high,medium,7,cloudflare,,,28/09/2026 20:12
b71b7f70-ad53-4e87-87b7-04d4e6c99db8,gratified.mba,available,11.98,49.98,high,low,9,namecheap,,,20/08/2026 18:24
18b504b9-af7f-44a9-8421-b4545802fdfc,boots.mba,available,17.99,39.99,high,low,5,namesilo,,,01/10/2026 02:10
d20541f5-d12c-4b2a-9728-efd9d822b682,ineffable.mba,available,11.98,49.98,high,low,9,namecheap,,,22/08/2026 02:45
f9dc495f-551f-41c0-985d-377333ea7ba4,undimmed.mba,available,11.98,49.98,medium,low,8,namecheap,,,12/09/2026 08:06
5a45412a-dd0d-4c67-bc8f-9df64292432e,backstop.mba,available,17.99,39.99,medium,low,8,namesilo,,,21/09/2026 16:06
b72490a2-1f49-4fb1-aa55-b7eff74560a8,gareth.mba,available,10.55,31.25,high,low,6,spaceship,,,29/09/2026 21:28
8a30daeb-2cec-4d52-bb56-a595124ae102,folksy.mba,available,11.98,49.98,medium,low,6,namecheap,,,13/08/2026 04:22
af11416e-0832-46e4-83a0-c8a6a870f7c6,atmosphere.mba,available,17.99,39.99,high,low,10,namesilo,,,18/09/2026 16:39
2ef005db-b110-492b-a283-e20ab0bba978,alienist.mba,available,17.99,39.99,medium,low,8,namesilo,,,18/09/2026 07:40
4900dba3-ea69-4189-96f6-52e815fe3ec6,isabella.mba,available,19.99,59.99,high,low,8,godaddy,,,30/09/2026 02:02
220e85f5-319a-4c11-8645-ef741b03bf27,stressed.mba,available,11.98,49.98,medium,low,8,namecheap,,,10/09/2026 22:30
cdedb93e-0c8b-4b5d-a47b-ce32d0d5a0a9,glare.mba,available,17.99,39.99,high,low,5,namesilo,,,24/09/2026 10:22
37788c81-684d-46b8-b575-c810c29ff598,usda.mba,available,11.98,49.98,high,low,4,namecheap,,,17/09/2026 19:25
dee86cbb-0bdc-4c28-bac5-d51656862b4f,leukaemia.mba,available,17.99,39.99,medium,low,9,namesilo,,,24/09/2026 11:59
69e3c533-ae02-44df-932a-d5977b571f45,ksi.mba,available,17.99,39.99,medium,low,3,namesilo,,,03/10/2026 03:50
d85f7906-0405-45c9-9daa-6abc877b1ec3,shouted.mba,available,30.2,30.2,high,low,7,cloudflare,,,27/09/2026 21:20
5cb70568-07b7-4324-a2c7-4fdcca01590b,farley.mba,available,17.99,39.99,medium,low,6,namesilo,,,30/09/2026 13:41
dafb9b31-6cd8-44ea-9da4-d83741df4675,heidegger.mba,available,10.55,31.25,medium,low,9,spaceship,,,28/09/2026 19:25
17ad94ef-96fd-4bba-8a60-532e2820950d,arizona.mba,available,17.99,39.99,high,low,7,namesilo,,,20/09/2026 06:05
4aa73e3c-ebf7-4fcc-9684-40db34205db7,boaster.mba,available,11.98,49.98,medium,low,7,namecheap,,,11/08/2026 01:18
55c1cd60-1766-4c06-bd9e-667e215f955d,jar.mba,available,11.98,49.98,high,low,3,namecheap,,,30/09/2026 00:42
4a5fb576-bd75-4f2d-8fa8-4d469ff8ebcf,boyhood.mba,available,10.88,32.21,high,low,7,dynadot,,,02/10/2026 14:26
6cf6ccb0-6585-487c-8c56-49a6aef45f4c,jocelyn.mba,available,30.2,30.2,high,low,7,cloudflare,,,30/09/2026 06:44
34543e7a-0013-46a9-951b-fc8ce1dd7386,hervey.mba,available,10.55,31.25,medium,low,6,spaceship,,,30/09/2026 05:29
e2668eee-09e0-4c77-8bc5-357a6ffb17f2,unmixed.mba,available,11.98,49.98,medium,low,7,namecheap,,,12/09/2026 06:02
e9f24134-9983-4a09-9ded-c1013be4aef2,lineages.mba,available,10.55,31.25,low,low,8,spaceship,,,28/09/2026 09:04
c57a75e3-3065-4cc4-bcae-6ecf6b0bd6e0,woodrow.mba,available,17.99,39.99,medium,low,7,namesilo,,,02/10/2026 23:34
31d3ef20-ba43-4ddb-bb65-3aa715d3f2a5,wilkes.mba,available,30.2,30.2,medium,low,6,cloudflare,,,27/09/2026 12:29
20590923-dc8e-40cd-9639-bdb7688629cb,solving.mba,available,10.88,32.21,high,low,7,dynadot,,,29/09/2026 02:13
d3a8e2ad-779f-4f21-9f4b-1c0fac025265,baja.mba,available,10.55,31.25,medium,low,4,spaceship,,,29/09/2026 21:54
085f5523-a27d-4ac7-a7c2-bd93a9a1d9a7,abounding.mba,available,11.98,49.98,high,low,9,namecheap,,,
a41a98a2-f094-42b8-abf2-c69bebebcac8,interior.mba,available,17.99,39.99,high,low,8,namesilo,,,25/09/2026 09:38
731b9b8e-dc03-4967-a49b-0e091ee10474,macdougall.mba,available,17,,medium,low,10,unstoppable,,,02/10/2026 21:57
3ca95825-7ece-44b6-a3fd-a7179ee9b827,absurdly.mba,available,11.98,49.98,medium,low,8,namecheap,,,13/09/2026 16:46
74675115-59f8-4b20-8bbf-bdd41ef94127,mashed.mba,available,10.81,31.41,high,low,6,porkbun,,,30/09/2026 12:00
5ab44661-7a7c-4210-93e0-5070da13e7b9,mcl.mba,available,10.55,31.25,high,low,3,spaceship,,,30/09/2026 19:34
abf1ef47-ce17-4166-9513-a41464cc63bc,plodding.mba,available,11.98,49.98,medium,low,8,namecheap,,,08/09/2026 21:17
c449c36e-5f62-4534-9ac9-d2d198646282,lying.mba,available,17,,high,low,5,unstoppable,,,30/09/2026 03:38
78947e0f-8847-447a-aca5-239c52061df3,tents.mba,available,10.55,31.25,medium,low,5,spaceship,,,29/09/2026 16:28
cd9b853e-8bbc-4f61-bf8b-e7608ce34efb,subverter.mba,available,11.98,49.98,medium,low,9,namecheap,,,09/09/2026 16:25
9219e34d-6f10-46de-9895-aeb2361053ca,miz.mba,available,17.99,39.99,high,low,3,namesilo,,,01/10/2026 23:06
d9dfeb10-4f22-4b05-a791-10d9e94137dc,tahitian.mba,available,11.98,49.98,high,low,8,namecheap,,,11/09/2026 07:06
8c2af519-7c5f-4747-a40f-36934f0659e5,fulton.mba,available,17.99,39.99,high,low,6,namesilo,,,25/09/2026 06:12
ddfc67be-9e73-42fe-94a2-d12b6eca155e,tornados.mba,available,17.99,39.99,medium,low,8,namesilo,,,16/09/2026 14:12
887f88af-e40d-48c7-8727-9ae9b648db2e,lav.mba,available,11.98,49.98,medium,low,3,namecheap,,,09/09/2026 02:16
ffaaeff5-e489-4bee-a2d7-28c582450fb6,kirchner.mba,available,17,,medium,low,8,unstoppable,,,30/09/2026 09:34
30fa0bba-5c78-440d-8aed-d8abf8009289,duet.mba,available,11.98,49.98,high,low,4,namecheap,,,29/09/2026 18:31
e23dfa49-8dde-464c-a867-8b825eb73357,imprisoned.mba,available,11.98,49.98,medium,low,10,namecheap,,,11/08/2026 18:22
cc0eb47e-7ad5-465d-8061-8ca32ae86339,syllabus.mba,available,17.99,39.99,high,low,8,namesilo,,,02/10/2026 14:47
feefba9d-0aff-46ad-add4-7d0d8e2a9ae6,drugless.mba,available,11.98,49.98,medium,low,8,namecheap,,,14/08/2026 20:11
b58bb8b2-8720-40b4-82b4-6219f86c23ea,lap.mba,available,19.99,59.99,high,low,3,godaddy,,,28/09/2026 02:11
56745f95-328f-4d36-a7c0-81fb9546615a,consistency.mba,available,10.55,31.25,high,low,11,spaceship,,,29/09/2026 16:04
bd3fb8d0-74d9-43ac-ab29-3766146f40d8,sloshed.mba,available,11.98,49.98,low,low,7,namecheap,,,09/08/2026 15:48
38a2f0d9-d926-4381-8b5b-0ee94994df91,packs.mba,available,17.99,39.99,medium,low,5,namesilo,,,20/09/2026 13:29
3df0b876-684a-47eb-8131-eb9cc485e6e1,hoof.mba,available,30.2,30.2,high,low,4,cloudflare,,,01/10/2026 19:59
e2aa7fdd-ff83-4523-80d8-5cde0e21abb5,bilgewater.mba,available,17.99,39.99,medium,low,10,namesilo,,,21/09/2026 23:46
a78bc741-bc71-4d05-816b-3bca05d77639,heavyset.mba,available,11.98,49.98,medium,low,8,namecheap,,,21/08/2026 05:31
1d6170bd-9890-4359-9385-4e13a7fdbdb9,meekly.mba,available,11.98,49.98,medium,low,6,namecheap,,,15/09/2026 01:24
bd0af033-315c-4265-a7e9-a3290b045523,major.mba,available,17.99,39.99,high,low,5,namesilo,,,25/09/2026 16:14
51427809-2ca3-46e0-a7ee-932c9785a760,illustrator.mba,available,17.99,39.99,high,low,11,namesilo,,,01/10/2026 22:47
7e54f677-1a2a-4be6-ad4e-8c60a4637c15,alliance.mba,available,17.99,39.99,high,low,8,namesilo,,,18/09/2026 07:42
b7cf6699-0b1b-42df-baf1-9209bc919583,informer.mba,available,17.99,39.99,medium,low,8,namesilo,,,23/09/2026 11:26
d323bcf3-9711-4953-8186-e5d9e1938789,later.mba,available,17.99,39.99,high,low,5,namesilo,,,21/09/2026 22:11
c0c8f0b5-c6ef-4b8f-884c-b9052dd33bee,strategies.mba,available,17.99,39.99,high,low,10,namesilo,,,30/09/2026 07:25
23b88f71-cf15-4e57-b01a-044fb8148f7d,dice.mba,available,11.98,49.98,high,low,4,namecheap,,,29/09/2026 14:49
9388619c-63ac-4c61-a0fa-2776b590761e,arcadia.mba,available,17.99,39.99,high,medium,7,namesilo,,,20/09/2026 01:36
4e0ef177-f9ee-4e2e-8b0f-7816a00f2a6b,talebearer.mba,available,11.98,49.98,medium,low,10,namecheap,,,11/09/2026 10:34
a024d602-c8a1-441d-8fc1-2cab3d662be4,referable.mba,available,11.98,49.98,medium,low,9,namecheap,,,07/08/2026 01:28
9f5da1b0-9b3b-436a-8727-4224fb2a348f,tia.mba,available,10.55,31.25,high,low,3,spaceship,,,29/09/2026 20:30
ad07e238-8714-4e80-9044-c62663e24efc,historians.mba,available,10.55,31.25,medium,low,10,spaceship,,,02/10/2026 12:47
90167edc-aa31-4b2b-9997-adef514aaedc,bed.mba,available,30.2,30.2,high,low,3,cloudflare,,,29/09/2026 01:46
eaa86b41-62a6-41db-8b68-d0fdc0b6c0aa,extensile.mba,available,11.98,49.98,medium,low,9,namecheap,,,17/08/2026 19:01
c9c266e2-0f6c-44b9-b9d8-b7b767c8b8c9,footed.mba,available,11.98,49.98,medium,low,6,namecheap,,,18/08/2026 10:43
4de20846-ea97-432a-80ef-837a755872f8,dodd.mba,available,10.55,31.25,high,low,4,spaceship,,,30/09/2026 12:38
88499fa6-a5b5-4bc0-a975-7db91315014e,hitch.mba,available,11.98,49.98,medium,low,5,namecheap,,,20/08/2026 22:55
21aa3067-4dc3-4b14-9ba8-726b6cad0539,cruciform.mba,available,11.98,49.98,medium,low,9,namecheap,,,13/08/2026 08:42
42e0619d-f081-4cb3-aa75-b8d030822daf,sian.mba,available,17.99,39.99,medium,low,4,namesilo,,,02/10/2026 23:56
92d7f698-906b-4f94-afaf-2c3b35eeb93f,pipeline.mba,available,17.99,39.99,high,low,8,namesilo,,,29/09/2026 01:07
59da9621-8963-43b1-a34f-0275b84e73b0,bogart.mba,available,17.99,39.99,medium,low,6,namesilo,,,02/10/2026 23:38
51bebec2-a327-4636-8d9e-1430a8ca2226,diagnosis.mba,available,17.99,39.99,high,low,9,namesilo,,,01/10/2026 22:09
141940ab-b854-47d6-b332-426c59689a23,pacify.mba,available,11.98,49.98,high,low,6,namecheap,,,18/08/2026 22:00
5c85c4ee-adcf-4479-96e7-adef8a9fd80a,sustenance.mba,available,17.99,39.99,high,low,10,namesilo,,,18/09/2026 07:54
1e9e20d4-bca9-4ccd-989c-ba6acf8f6fe1,fight.mba,available,11.98,49.98,high,low,5,namecheap,,,24/09/2026 17:58
1234ea51-7ff2-49dc-8195-09be216f6f54,wrexham.mba,available,10.55,31.25,medium,low,7,spaceship,,,02/10/2026 08:27
bb8b19a8-4e8e-40c0-a627-4b0d45242094,sussex.mba,available,17.99,39.99,high,low,6,namesilo,,,01/10/2026 21:54
40c0dac3-64e5-4ba0-b234-0579e6633058,blower.mba,available,11.98,49.98,medium,low,6,namecheap,,,12/08/2026 01:06
1f3a9abe-84b5-4f77-94da-bfc1a5eb5d3a,pocketable.mba,available,11.98,49.98,medium,low,10,namecheap,,,08/09/2026 22:20
7e42d0ea-fb3e-4a7a-b25e-2bf85604455a,ott.mba,available,10.88,32.21,high,low,3,dynadot,,,28/09/2026 21:01
66f90989-2be0-48f2-8375-12792885fc7f,lunchtime.mba,available,17,,high,low,10,unstoppable,,,01/10/2026 20:24
5a54ced2-0ffe-409d-b96a-79bae6015358,from.mba,available,11.98,49.98,high,low,4,namecheap,,,08/09/2026 08:57
d3dff9bf-86fa-45b5-ad38-7b35f1646532,foretell.mba,available,17.99,39.99,high,low,8,namesilo,,,21/09/2026 03:34
df579d1d-a47e-4609-8c2a-b20a14deeec7,aperture.mba,available,11.98,49.98,high,low,8,namecheap,,,19/09/2026 16:35
15b3cc8c-847f-4a9f-b659-ac4ba7b329a5,variables.mba,available,19.99,,medium,low,9,name.com,,,
f9c8edc8-64df-4080-89fa-dd262c697cb4,blazing.mba,available,11.98,49.98,high,low,7,namecheap,,,10/08/2026 13:33
8a719f14-2b39-4666-b31a-2c558eb8f0dc,scads.mba,available,11.98,49.98,high,low,5,namecheap,,,14/09/2026 23:36
6a30f8a4-f58f-430f-b73f-70a3df6d1b6b,grow.mba,available,11.98,49.98,high,medium,4,namecheap,,,25/09/2026 18:10
acb9c35f-3376-498e-a129-fe4fdc803e87,mothers.mba,available,17.99,39.99,high,low,7,namesilo,,,18/09/2026 06:34
65172c38-aa94-429f-a5af-18974ffd4278,blacksnake.mba,available,17.99,39.99,medium,low,10,namesilo,,,24/09/2026 01:28
756996e7-a92d-466f-8d16-1150e08d3a4b,exceedingly.mba,available,10.55,31.25,medium,low,11,spaceship,,,01/10/2026 14:31
3fa648c3-0351-4b40-90c8-0c8a237b8127,misdemeanor.mba,available,10.81,31.41,high,low,11,porkbun,,,30/09/2026 03:29
b421c813-bb85-45b9-ab5f-0de1411539c7,doze.mba,available,11.98,49.98,high,low,4,namecheap,,,24/09/2026 23:43
986572fd-a3f9-44f6-a53a-4234630178c6,crisscross.mba,available,11.98,49.98,high,low,10,namecheap,,,13/08/2026 07:25
aa8d5832-b039-4e6b-942b-537ab289970c,maroon.mba,available,11.98,49.98,high,low,6,namecheap,,,11/08/2026 06:33
46a3d4e3-de87-49a6-9178-5d786531475a,neck.mba,available,10.55,31.25,high,low,4,spaceship,,,29/09/2026 07:49
f2e5cf1e-845e-4bdf-8b98-68ad07871198,externally.mba,available,11.98,49.98,medium,low,10,namecheap,,,14/09/2026 17:11
6099f2a6-358a-4645-846e-b419bf143972,repeat.mba,available,17.99,39.99,high,low,6,namesilo,,,24/09/2026 12:27
3e591922-0807-4415-8ca3-b8cd3b638a4f,handkerchief.mba,available,10.55,31.25,high,low,12,spaceship,,,30/09/2026 06:03
0dde07c0-b40f-4b10-82be-0f5a1e1ab1d7,tawny.mba,available,11.98,49.98,high,low,5,namecheap,,,11/09/2026 09:19
18476557-7c82-47c9-8d10-74a8dc095757,sexed.mba,available,11.98,49.98,medium,low,5,namecheap,,,10/09/2026 05:13
e8fc85b7-c177-464c-9f00-f0f00cb0a263,stored.mba,available,10.55,31.25,medium,low,6,spaceship,,,28/09/2026 17:31
63488870-8610-4393-bb8b-f760af8e1c1b,investment.mba,available,30.2,30.2,high,low,10,cloudflare,,,02/10/2026 08:11
b64e9a30-595e-46f9-9a27-3be837c523e8,wilmot.mba,available,17.99,39.99,medium,low,6,namesilo,,,29/09/2026 16:33
760aa0c8-2a7c-44e0-9afe-7ccca4092213,arizonian.mba,available,17.99,39.99,medium,low,9,namesilo,,,20/09/2026 06:06
f0c7f4ab-9a13-47dc-abcf-54b8cc51df98,democrat.mba,available,30.2,30.2,high,low,8,cloudflare,,,29/09/2026 13:56
5bb6399d-8e3f-4d78-8268-3c8e20f3803c,patents.mba,available,30.2,30.2,medium,low,7,cloudflare,,,01/10/2026 00:20
27c1a412-2410-44f9-b139-96879418aaef,issues.mba,available,11.98,49.98,medium,low,6,namecheap,,,25/09/2026 21:11
9d0ddfff-cb50-412c-9a94-325e139798c9,embarrassing.mba,available,17.99,39.99,medium,low,12,namesilo,,,27/09/2026 06:37
fa6305be-c4c9-438b-8db8-92b90e77b0e3,salas.mba,available,30.2,30.2,medium,low,5,cloudflare,,,30/09/2026 21:51
279a3edc-7197-45f6-afbe-6c119722e4aa,bite.mba,available,11.98,49.98,high,low,4,namecheap,,,08/09/2026 13:01
345a7359-32a3-4771-b83a-0406554f379a,northerner.mba,available,11.98,49.98,medium,low,10,namecheap,,,13/09/2026 14:16
5b96e20e-786a-4b8b-b7c8-40b5adf2d889,laparoscopic.mba,available,17.99,39.99,medium,low,12,namesilo,,,02/10/2026 22:19
b72ede58-fcfb-4d57-9105-24c3f26c18ee,nonplussed.mba,available,11.98,49.98,medium,low,10,namecheap,,,07/08/2026 10:48
1995b930-e2a0-475e-8395-31944c439bf3,devalued.mba,available,11.98,49.98,medium,low,8,namecheap,,,14/08/2026 05:02
9e78507e-8d29-4a54-afcb-345f214863eb,inside.mba,available,11.98,49.98,high,low,6,namecheap,,,25/09/2026 09:46
e28ac4e9-03a5-4fd8-8cda-5b7ad2d337bf,lust.mba,available,17.99,39.99,high,low,4,namesilo,,,30/09/2026 02:38
43380dc5-56e0-44be-9c9c-e55e660453ec,chesapeake.mba,available,10.55,31.25,high,low,10,spaceship,,,03/10/2026 04:02
26d8fe15-ebae-48ba-ba81-a322e80a2427,redwing.mba,available,11.98,49.98,high,low,7,namecheap,,,17/09/2026 16:57
a2346801-80bc-4b54-99e9-ffb174ee34b8,authors.mba,available,17,,medium,low,7,unstoppable,,,29/09/2026 23:35
af230d65-4957-40c8-b232-26e448db60e7,seats.mba,available,17.99,39.99,high,low,5,namesilo,,,30/09/2026 10:51
8d2c85db-66fd-4e6a-91a4-aed826378bd2,chernobyl.mba,available,10.81,31.41,medium,low,9,porkbun,,,29/09/2026 11:54
b4989a57-dd47-465c-a4f0-a7e190f31331,scouting.mba,available,17.99,39.99,high,low,8,namesilo,,,29/09/2026 00:51
c8ba744c-ee5e-4477-9a71-a83cbee46fa2,coughing.mba,available,10.88,32.21,medium,low,8,dynadot,,,29/09/2026 18:29
74ad27e4-abb0-47ec-89e1-f8b4604c774b,schoenberg.mba,available,11.98,49.98,medium,low,10,namecheap,,,20/09/2026 08:21
a6dd43cc-3a83-4ce7-b4ab-7ee8d8522b8d,millstone.mba,available,11.98,49.98,medium,low,9,namecheap,,,18/09/2026 02:29
5fbb33a0-0c70-4499-81fe-848d2bf34047,bedsore.mba,available,17.99,39.99,medium,low,7,namesilo,,,22/09/2026 23:40
5898c297-07c5-4857-933e-f5e69eeaaef8,fain.mba,available,11.98,49.98,medium,low,4,namecheap,,,14/08/2026 12:05
e3841a72-92ac-4c83-a7a0-7b2b8170de89,amelia.mba,available,11.98,49.98,high,low,6,namecheap,,,18/09/2026 18:15
44239097-d466-4677-be76-8f295bc6e7b3,bicycler.mba,available,17.99,39.99,medium,low,8,namesilo,,,23/09/2026 13:23
acb2f63e-7394-4176-8483-7e241783eb95,asteraceae.mba,available,19.99,50.99,medium,low,10,name.com,,,20/09/2026 17:03
71e4d912-fdb2-474f-97dc-58c0fe06284e,travers.mba,available,17.99,39.99,medium,low,7,namesilo,,,28/09/2026 16:18
fe7e4bce-407b-439d-b135-6046916bf55b,molten.mba,available,11.98,49.98,high,low,6,namecheap,,,25/08/2026 03:57
9291368e-9389-4deb-a07a-fb3910fb430a,usaid.mba,available,17.99,39.99,medium,low,5,namesilo,,,28/09/2026 16:09
06f00de2-a6a9-41a1-bcc0-3fbebb84904b,oviparous.mba,available,11.98,49.98,medium,low,9,namecheap,,,04/09/2026 22:09
47d9395a-0489-4f6a-a484-9deebcafb4cd,colombo.mba,available,17.99,39.99,high,low,7,namesilo,,,29/09/2026 07:00
c70a0ffc-3149-499f-91d8-16870f705f72,elliptical.mba,available,11.98,49.98,high,low,10,namecheap,,,15/08/2026 18:01
1a4e39a2-a035-4923-9d7e-20562a95b37d,overthrow.mba,available,30.2,30.2,high,low,9,cloudflare,,,29/09/2026 07:47
5fe54674-d128-4f54-96f9-5e1c9690bab8,resembles.mba,available,17.99,39.99,medium,low,9,namesilo,,,30/09/2026 07:07
6f5dc949-520b-4707-9218-7946cc1c92c0,earthbound.mba,available,11.98,49.98,medium,low,10,namecheap,,,14/08/2026 22:37
f8026976-fed7-44de-9ae9-a2442adb2175,adelie.mba,available,17.99,39.99,medium,low,6,namesilo,,,17/09/2026 07:17
0fb07aa8-e64c-410f-9285-3cafb0b099f7,connor.mba,available,11.98,49.98,high,low,6,namecheap,,,25/09/2026 15:29
c41830df-a617-4211-adef-f85bb03be1a4,niches.mba,available,11.98,49.98,medium,low,6,namecheap,,,20/09/2026 09:56
64cc71e4-be46-4ddc-9d06-c015c2b6e212,lacy.mba,available,11.98,49.98,medium,low,4,namecheap,,,22/08/2026 17:47
1edb9c6b-db3b-400c-96e6-cff512c50412,oncoming.mba,available,11.98,49.98,medium,low,8,namecheap,,,04/09/2026 14:27
cbb4e082-f1fb-477b-b31d-baca0b82fcd5,iau.mba,available,10.81,31.41,medium,low,3,porkbun,,,02/10/2026 07:47
9f4fe770-1510-4382-82ea-162d8dbc3d95,unshadowed.mba,available,11.98,49.98,low,low,10,namecheap,,,12/09/2026 19:29
45dc2d50-d43a-4dbc-ac71-9faa6f8c46ce,allocate.mba,available,17.99,39.99,high,low,8,namesilo,,,30/09/2026 14:55
c0b44a68-504b-4c3f-816e-b03d5b9f5eb7,spinoza.mba,available,17.99,39.99,high,low,7,namesilo,,,22/09/2026 09:34
18f0b49a-3c17-4690-831b-97e2387fea9b,abortion.mba,available,17.99,39.99,high,low,8,namesilo,,,16/09/2026 16:39
6fc427f7-5a64-465c-b1fd-05edf36b14c1,bolshevik.mba,available,11.98,49.98,high,low,9,namecheap,,,10/08/2026 17:50
94fe12f3-3d68-442d-9944-9bb20752f6ef,hoops.mba,available,10.81,31.41,high,low,5,porkbun,,,29/09/2026 01:29
dc793c44-0cb9-4e81-9dc8-5565b147850b,replete.mba,available,11.98,49.98,high,low,7,namecheap,,,09/09/2026 14:32
fd29b386-2d4a-4bbd-8bef-5ea91bc76923,persuasive.mba,available,11.98,49.98,high,low,10,namecheap,,,08/09/2026 18:05
705e21a6-85ac-4864-8ed2-6bdebde93482,rapids.mba,available,11.98,49.98,high,low,6,namecheap,,,30/09/2026 05:25
496df48b-447a-416f-bfb2-beae97d6ad77,heartache.mba,available,10.55,31.25,medium,low,9,spaceship,,,02/10/2026 14:29
f7620c84-ee8f-4c55-b036-7e72f64c538b,unturned.mba,available,11.98,49.98,medium,low,8,namecheap,,,12/09/2026 21:54
aa7544e7-c1be-472a-8c6c-e471555927de,eames.mba,available,10.81,31.41,medium,low,5,porkbun,,,01/10/2026 18:56
12969c56-e103-4830-a47c-3aff04c95ec2,gdp.mba,available,17.99,39.99,high,low,3,namesilo,,,25/09/2026 06:24
2b07f707-0e74-4526-b0ac-f7b615610ef9,protests.mba,available,10.55,31.25,medium,low,8,spaceship,,,30/09/2026 07:34
29271158-7c8f-4d5b-86e3-63cd0ea328b9,achaea.mba,available,17.99,39.99,medium,low,6,namesilo,,,17/09/2026 00:27
973ab53f-e838-47ca-aa99-d22c11b1c86d,savages.mba,available,10.55,31.25,low,low,7,spaceship,,,30/09/2026 06:49
8e2099bb-87a2-4270-98ea-2d45539e1deb,hrt.mba,available,30.2,30.2,high,low,3,cloudflare,,,03/10/2026 01:14
90a56143-465e-4115-9852-78763053a1a3,crichton.mba,available,10.55,31.25,medium,low,8,spaceship,,,30/09/2026 01:11
1621d06d-2d8d-4ab3-9de1-c572244ae79d,sinaloa.mba,available,17,,medium,low,7,unstoppable,,,30/09/2026 05:06
03f5b448-28b0-4fc4-ad5f-896baedc1366,scene.mba,available,11.98,49.98,high,low,5,namecheap,,,24/09/2026 18:53
99ecbe8c-5dee-4dac-bafe-1c7fb4baa10a,military.mba,available,11.98,49.98,high,low,8,namecheap,,,25/09/2026 20:05
2ee27061-112b-4f50-9e0f-24442a584563,talented.mba,available,11.98,49.98,high,low,8,namecheap,,,18/08/2026 23:26
d35b757d-aab7-4601-86f3-f961e0218fab,noor.mba,available,30.2,30.2,high,low,4,cloudflare,,,30/09/2026 13:36
4c5681d1-86d5-4670-bc94-c3201d5b1584,allayer.mba,available,17.99,39.99,medium,low,7,namesilo,,,18/09/2026 09:59
133be238-c13b-4b22-9d07-815429513de2,grandkid.mba,available,10.55,31.25,high,low,8,spaceship,,,01/10/2026 07:59
ab42e71e-435f-4fc7-906b-6f676f597a52,boutique.mba,available,10.55,31.25,high,low,8,spaceship,,,02/10/2026 10:33
cdb80e84-9e72-4d45-a0d6-8731db16d97b,meteoric.mba,available,11.98,49.98,high,low,8,namecheap,,,24/08/2026 21:53
1179f1b6-3579-4ecb-b398-083e2a6ddffa,chipping.mba,available,17.99,39.99,medium,low,8,namesilo,,,03/10/2026 00:02
7d1163c0-5508-4146-bc7f-3a77be6dc84d,reminiscent.mba,available,17,,high,low,11,unstoppable,,,30/09/2026 11:29
720b3707-059d-4c0b-bccc-8978c2ec2250,pnl.mba,available,10.55,31.25,medium,low,3,spaceship,,,02/10/2026 07:42
e09ea74a-3f5b-49eb-b75a-e89a384691ca,rile.mba,available,30.2,30.2,medium,low,4,cloudflare,,,29/09/2026 14:40
ff36ed67-8baf-41ae-9cac-1522a2976781,wordplay.mba,available,11.98,49.98,high,low,9,namecheap,,,02/10/2026 15:59
e62ef865-9fa5-4c63-8064-c292da212080,handing.mba,available,17.99,39.99,high,low,7,namesilo,,,28/09/2026 11:31
fb46b56b-1d72-4b5d-b904-4ce009431314,chant.mba,available,11.98,49.98,high,low,5,namecheap,,,24/09/2026 13:41
8f0fdc6b-990b-4f0f-995c-bbe934e1eee4,manky.mba,available,11.98,49.98,medium,low,5,namecheap,,,24/08/2026 15:12
012ec0a6-b92d-4f33-9bec-43ccd800fb5c,unrevealed.mba,available,11.98,49.98,medium,low,10,namecheap,,,12/09/2026 08:09
6ad760e1-4f86-4035-8886-f5a1524fd3f3,apar.mba,available,17.99,39.99,medium,low,4,namesilo,,,19/09/2026 16:14
8957131a-3582-41a3-aeef-a2c3842bf8fb,daydream.mba,available,17.99,39.99,high,low,8,namesilo,,,17/09/2026 22:00
6bb9b05a-0aeb-4ac0-93c7-43e8096ee9d8,overshot.mba,available,11.98,49.98,medium,low,8,namecheap,,,04/09/2026 21:51
0c0338b8-b9ef-4f7a-9a84-c05ea30fad45,tolerated.mba,available,17.99,39.99,high,low,9,namesilo,,,30/09/2026 12:15
2c1167ba-1c15-4b02-83ed-1df44426b71f,torpedo.mba,available,10.81,31.41,high,low,7,porkbun,,,28/09/2026 05:28
22911044-9763-434c-9d14-06fbdb57ccd9,terrorist.mba,available,17.99,39.99,medium,low,9,namesilo,,,25/09/2026 10:50
edddac08-2200-4f9a-a1c0-b15de0aa13fa,allegiance.mba,available,17.99,39.99,high,low,10,namesilo,,,18/09/2026 10:32
92504875-c111-4992-9bb8-d6998782b614,welding.mba,available,17.99,39.99,high,low,7,namesilo,,,30/09/2026 11:19
6cb907d9-753c-4d0a-8552-80f04edbeec4,privacy.mba,available,11.98,49.98,high,medium,7,namecheap,,,24/09/2026 17:03
210d9ca9-9891-4b3d-81fa-8c6edf16f88b,taken.mba,available,17.99,39.99,high,low,5,namesilo,,,25/09/2026 10:20
81362eb0-3d6c-47f2-b8ce-d4ac78ce2b5f,businessmen.mba,available,10.55,31.25,high,low,11,spaceship,,,02/10/2026 12:59
d4b3a750-3de9-4042-99c9-eaeea3670df1,proximity.mba,available,30.2,30.2,high,low,9,cloudflare,,,29/09/2026 19:29
de672c80-6ba9-4761-a5e3-ece46febd696,classy.mba,available,11.98,49.98,high,low,6,namecheap,,,12/08/2026 09:52
4006908e-fcd2-403d-adbf-6a87b9f782ff,cartagena.mba,available,17.99,39.99,medium,low,9,namesilo,,,29/09/2026 00:21
a4c985f2-73ec-4cd2-a843-40f6932b6913,hunted.mba,available,11.98,49.98,medium,low,6,namecheap,,,21/08/2026 15:43
44f01429-f248-4ed4-bbb8-d795cc0e954b,greatest.mba,available,11.98,49.98,high,low,8,namecheap,,,20/08/2026 19:40
7c19dc9a-93ee-4286-93a9-91b4f34f9bc1,slipper.mba,available,19.99,59.99,high,low,7,godaddy,,,01/10/2026 01:18
5d62a7d7-67f4-4bd0-b6eb-c70c69841c34,rossi.mba,available,17.99,39.99,high,low,5,namesilo,,,27/09/2026 01:41
a6c1f5ad-2770-4708-8ca6-e4cf6aac78b3,mcmahon.mba,available,17.99,39.99,high,low,7,namesilo,,,25/09/2026 21:50
1180982b-aa52-43ae-a098-3ef9f37d6841,pedestrian.mba,available,11.98,49.98,high,low,10,namecheap,,,08/09/2026 12:28
7e0f7ad4-4af1-4ba5-b789-3bafc98fc156,mighty.mba,available,11.98,49.98,high,low,6,namecheap,,,24/08/2026 22:43
4d364e48-e994-4618-b888-f6dd13908cd7,lit.mba,available,17.99,39.99,high,medium,3,namesilo,,,25/09/2026 07:48
713bb583-ece6-48e8-8062-993a134fc8cd,honeymooning.mba,available,17.99,39.99,high,low,12,namesilo,,,21/09/2026 06:04
30d17192-05c2-404f-bed3-a6fde48bfa65,baloney.mba,available,17.99,39.99,medium,low,7,namesilo,,,21/09/2026 23:43
35008b75-029c-4f89-a667-c2cef463f56e,alchemy.mba,available,17.99,39.99,high,medium,7,namesilo,,,18/09/2026 03:59
1640ecb3-bfae-4fd1-ab78-fe488534e9cd,dampness.mba,available,19.99,50.99,medium,low,8,name.com,,,13/08/2026 16:45
fcc679f2-c5da-439a-97f4-2cf4ba927cf6,arsenide.mba,available,17.99,39.99,medium,low,8,namesilo,,,20/09/2026 09:41
c4a84f6d-82e5-43de-ab87-3cc468044030,ascendence.mba,available,17.99,39.99,high,low,10,namesilo,,,20/09/2026 13:04
cbfb6dda-0108-45ae-8c3b-5aca41a295df,january.mba,available,11.98,49.98,high,low,7,namecheap,,,30/09/2026 00:38
2a688a5c-d63a-4757-8d82-1bca610df5ed,healthier.mba,available,11.98,49.98,high,low,9,namecheap,,,24/09/2026 19:03
08623984-527e-42f9-acb1-ba47d679d97e,kanagawa.mba,available,17.99,39.99,medium,low,8,namesilo,,,30/09/2026 05:13
6fd80867-cdc1-460d-a7f2-818d1cf3f054,tunguska.mba,available,17.99,39.99,high,low,8,namesilo,,,19/09/2026 05:45
3e71be9b-6105-463a-957b-f3e918a81759,soy.mba,available,10.81,31.41,high,low,3,porkbun,,,29/09/2026 12:51
2cf4e5b8-704d-461a-b9f9-ec0cdfbe7628,samarium.mba,available,17.99,39.99,medium,low,8,namesilo,,,20/09/2026 23:24
7a5ca46d-26f1-4fe1-bd5e-df308754b3dd,cellar.mba,available,17.99,39.99,high,low,6,namesilo,,,22/09/2026 10:16
60831842-1e04-4321-840d-53c204eadef5,engaging.mba,available,10.55,31.25,high,low,8,spaceship,,,02/10/2026 11:09
a67232c1-d321-4db6-898d-4c3982ae939a,bounty.mba,available,11.98,49.98,high,low,6,namecheap,,,24/09/2026 07:35
276e162d-179a-48e1-95b8-00391ca6e565,zola.mba,available,10.81,31.41,medium,low,4,porkbun,,,29/09/2026 12:10
84d96e5d-1210-4521-8f40-bf95286faab4,tragic.mba,available,10.88,32.21,medium,low,6,dynadot,,,28/09/2026 09:28
bb7e1b71-4794-4dc8-bbcb-89901060cc1d,pennies.mba,available,19.99,,medium,low,7,name.com,,,
04cb39db-e72f-4e72-ab28-88ad231f92e7,lugubrious.mba,available,11.98,49.98,medium,low,10,namecheap,,,24/08/2026 11:04
f30ea5f1-f319-44b9-98c4-cdfc1b67eb3c,utility.mba,available,17.99,39.99,high,low,7,namesilo,,,19/09/2026 06:04
2bca3183-60cb-4dc2-b2de-2b69151fecaf,georgie.mba,available,10.88,32.21,medium,low,7,dynadot,,,30/09/2026 04:43
c0b38035-e1ad-416d-91bd-2a8ae776542c,unwed.mba,available,11.98,49.98,medium,low,5,namecheap,,,12/09/2026 22:35
d72b4e90-9e29-4732-8591-bf461071501e,jinnah.mba,available,10.55,31.25,medium,low,6,spaceship,,,02/10/2026 15:52
5ae6bb01-afa2-471a-8965-1ef31f5766d9,rations.mba,available,10.55,31.25,medium,low,7,spaceship,,,30/09/2026 06:27
e8f79ba3-3bdb-4952-ba01-6d9a4dcf8cad,boaz.mba,available,17.99,39.99,medium,low,4,namesilo,,,03/10/2026 04:53
b9417e15-8d47-4c28-9824-d90b2ca49fa9,muck.mba,available,17.99,39.99,medium,low,4,namesilo,,,25/09/2026 00:13
2fd98914-0bd0-44b5-ac05-c3f18bcdd688,lollygag.mba,available,11.98,49.98,medium,low,8,namecheap,,,11/09/2026 08:29
b6cb1eb2-f997-4c64-befe-1bd77e1b8f2d,prima.mba,available,11.98,49.98,high,low,5,namecheap,,,09/09/2026 02:00
dd15cf44-2719-44ad-8d17-f5a3d51cb643,confuse.mba,available,17.99,39.99,high,low,7,namesilo,,,30/09/2026 15:38
d8b062ad-0207-4406-9cda-51ac69a3ac45,bestial.mba,available,11.98,49.98,medium,low,7,namecheap,,,09/08/2026 17:57
89750b73-6397-4ac9-9058-15f5976ff3f3,consents.mba,available,17.99,39.99,medium,low,8,namesilo,,,20/09/2026 13:43
8b38deb3-1c13-4d6b-a844-e994dfd267f1,lastly.mba,available,17.99,39.99,medium,low,6,namesilo,,,28/09/2026 15:27
e6bcf311-1a4a-45a0-ad28-c764bd2c4a9b,antipope.mba,available,11.98,49.98,medium,low,8,namecheap,,,19/09/2026 15:00
4f940a12-8802-4096-8621-afbccf65d7c4,boland.mba,available,10.88,32.21,medium,low,6,dynadot,,,29/09/2026 04:35
0e02eb31-519e-4de1-bd6b-0c653cab133f,trail.mba,available,17.99,39.99,high,low,5,namesilo,,,25/09/2026 22:13
833a43b7-dd3f-4ac6-a4b0-8f2f5528dd8a,asio.mba,available,11.98,49.98,medium,low,4,namecheap,,,20/09/2026 14:18
6612feea-b3e7-4b79-b260-ebec89a56923,widget.mba,available,17.99,39.99,high,low,6,namesilo,,,19/09/2026 21:50
8fd95802-a399-400b-9ea3-a485401a55ca,unduly.mba,available,17.99,39.99,medium,low,6,namesilo,,,16/09/2026 10:01
158a314d-0ee3-49cc-9e98-ef88f96fa73f,eagle.mba,available,11.98,49.98,high,low,5,namecheap,,,23/09/2026 20:02
915e54ce-37f7-4e3f-90aa-ce779d3ae9b5,needles.mba,available,30.2,30.2,high,low,7,cloudflare,,,29/09/2026 08:51
1f9c0792-b384-4fa2-bc19-f7f9c0eb5060,pulled.mba,available,19.99,,high,low,6,name.com,,,
14f08a81-56fd-4d6b-bd4e-c53bba0a8393,inr.mba,available,30.2,30.2,high,low,3,cloudflare,,,02/10/2026 04:11
9fa19912-3ab5-43bc-8547-37438e39707a,rolle.mba,available,17,,medium,low,5,unstoppable,,,02/10/2026 07:36
96b1d8d8-1435-4ac4-a1eb-a1f39639aca3,deprecated.mba,available,10.55,31.25,medium,low,10,spaceship,,,01/10/2026 22:46
d08a07d4-b8b6-4bc6-94c9-f063a29d71c4,saurian.mba,available,11.98,49.98,medium,low,7,namecheap,,,22/08/2026 17:55
bfdb210c-e637-408c-9da7-b46dac30e543,peasants.mba,available,10.88,32.21,low,low,8,dynadot,,,28/09/2026 23:24
63e8c58c-0a09-4744-9fac-a1a4be3e33ee,soursop.mba,available,17.99,39.99,high,low,7,namesilo,,,19/09/2026 10:36
d8099703-8bff-49d4-aca0-1459b203479f,courier.mba,available,10.55,31.25,medium,low,7,spaceship,,,28/09/2026 18:49
2440aac4-53d4-4f75-ace0-dff9069df6c6,numbered.mba,available,17.99,39.99,medium,low,8,namesilo,,,29/09/2026 10:20
4a7c665f-a215-4d41-ab76-baeb40248402,kemp.mba,available,17,,medium,low,4,unstoppable,,,29/09/2026 02:56
1538257a-72b3-49ab-9891-9322d4205b7f,soundbar.mba,available,11.98,49.98,high,low,8,namecheap,,,02/10/2026 03:28
7322811a-d7f2-40df-87be-e33a1445f030,buggery.mba,available,19.99,50.99,medium,low,7,name.com,,,19/09/2026 01:35
705c8284-00ce-49de-9961-16816f3ff040,terrific.mba,available,17.99,39.99,high,low,8,namesilo,,,25/09/2026 00:17
bc0407fa-b3a3-4b10-bc28-16ff25068065,amateurs.mba,available,17,,medium,low,8,unstoppable,,,29/09/2026 00:10
7a1586e6-1395-4918-908e-da1bc6546115,ziegler.mba,available,30.2,30.2,high,low,7,cloudflare,,,28/09/2026 19:36
7325e102-d2ef-4866-9a71-de8ef8b91287,humiliation.mba,available,10.55,31.25,medium,low,11,spaceship,,,28/09/2026 12:26
756a0000-c8dd-4d28-8b1f-a41b500f0fcd,heir.mba,available,17,,high,low,4,unstoppable,,,28/09/2026 14:24
a2804deb-46f0-4a55-a9a6-53ab7942ba07,sourish.mba,available,11.98,49.98,medium,low,7,namecheap,,,22/08/2026 23:29
f75a980c-e47c-467c-b7cc-a1d0c82f5ab3,dose.mba,available,10.55,31.25,high,low,4,spaceship,,,29/09/2026 00:13
087b8754-db2c-44e6-8ed2-4b1363f8416a,afterwards.mba,available,11.98,49.98,medium,low,10,namecheap,,,
0f318ee2-bba0-4198-83b7-7682abd629c7,grievances.mba,available,17,,low,low,10,unstoppable,,,02/10/2026 01:58
7d167d60-2965-44c9-9c31-5c738611c8e3,garlic.mba,available,30.2,30.2,high,low,6,cloudflare,,,28/09/2026 19:27
08d15016-080e-42a0-9b36-3260131525cb,faber.mba,available,10.55,31.25,high,low,5,spaceship,,,28/09/2026 04:12
5de71fc1-dbfb-41ac-afa3-f0eb39d4c75c,prodigious.mba,available,11.98,49.98,high,low,10,namecheap,,,12/08/2026 17:58
0b204000-9c64-4332-ab96-6d0ad5ba80b0,howling.mba,available,11.98,49.98,high,low,7,namecheap,,,21/08/2026 14:24
e0c4e552-9d4d-4f48-9694-d948dbbd9286,complexity.mba,available,17.99,39.99,high,low,10,namesilo,,,24/09/2026 16:49
97d46deb-c38b-4ef4-a5ef-badf7f1ba7f4,cowpens.mba,available,17.99,39.99,medium,low,7,namesilo,,,22/09/2026 14:56
47499ab4-f5e6-405d-88c4-a667da713db0,adjuster.mba,available,17.99,39.99,high,low,8,namesilo,,,17/09/2026 08:32
4463c99c-708c-49f9-8f48-dc01d1d563cf,shortcomings.mba,available,17.99,39.99,low,low,12,namesilo,,,02/10/2026 02:52
39c040e2-393d-4c63-833a-f30da71f86d8,quotidian.mba,available,11.98,49.98,medium,low,9,namecheap,,,17/08/2026 14:57
5d13bf72-717e-4268-821e-1130c641f96b,ampicillin.mba,available,17.99,39.99,medium,low,10,namesilo,,,18/09/2026 23:35
d23fa9b5-896b-40c2-8d01-05c922c3785f,flute.mba,available,10.55,31.25,high,low,5,spaceship,,,28/09/2026 13:41
de37f795-ed8b-441c-809d-24682cbbbfad,duracell.mba,available,17.99,39.99,high,low,8,namesilo,,,02/10/2026 06:21
80399a1c-4e68-4761-9658-e9f55be872fb,skilful.mba,available,11.98,49.98,high,low,7,namecheap,,,21/09/2026 17:29
76b1209b-3b55-427d-857b-37b8f565ae2f,png.mba,available,17.99,39.99,high,low,3,namesilo,,,30/09/2026 11:41
7d834f4f-5bf0-47ab-a74e-a02e581641bb,annapurna.mba,available,17.99,39.99,medium,low,9,namesilo,,,19/09/2026 02:23
02f8b408-fd1b-4db4-806c-ce308ae369f6,cloudberry.mba,available,11.98,49.98,medium,low,10,namecheap,,,21/09/2026 20:03
cb9e46a5-53d3-4eda-b168-51278a757102,disclaimer.mba,available,11.98,49.98,high,low,10,namecheap,,,24/09/2026 22:28
3e1fe28b-aacb-42f7-8bc3-6d4cab02413e,egoistic.mba,available,11.98,49.98,medium,low,8,namecheap,,,15/08/2026 18:54
a67b579b-f5c6-4142-9b24-608f3253086a,buildings.mba,available,17.99,39.99,medium,low,9,namesilo,,,27/09/2026 09:32
cd77ebec-f370-4ebf-adf5-fd2305280252,saturdays.mba,available,10.55,31.25,medium,low,9,spaceship,,,29/09/2026 15:55
469dd137-c5e1-4f93-806a-979297072b08,wheezing.mba,available,11.98,49.98,medium,low,8,namecheap,,,07/08/2026 09:25
5c1fcdf6-499b-4e31-b250-c1197d50e8d8,edifying.mba,available,11.98,49.98,high,low,8,namecheap,,,15/08/2026 10:17
86ab47ed-274a-4912-992c-8282b0d2e701,fredrick.mba,available,17.99,39.99,high,low,8,namesilo,,,02/10/2026 09:22
f202c849-b1c9-4b18-878c-ce7acccbd625,arose.mba,available,17,,medium,low,5,unstoppable,,,29/09/2026 22:55
08e322b2-f812-4a79-b88f-5034df266d1d,finicky.mba,available,11.98,49.98,medium,low,7,namecheap,,,18/08/2026 04:58
47ebb127-287e-48dd-a9a8-23404a973a5c,hypocritical.mba,available,30.2,30.2,medium,low,12,cloudflare,,,02/10/2026 17:38
84748d2d-6544-489c-9fa2-a66e88245326,azerbaijani.mba,available,10.55,31.25,high,low,11,spaceship,,,29/09/2026 14:18
33d06e6b-2750-4ba0-a320-8380828f6598,blend.mba,available,17.99,39.99,high,low,5,namesilo,,,24/09/2026 05:37
95840b44-e2ca-48d0-859e-aaf1d13d6696,bcs.mba,available,17,,high,low,3,unstoppable,,,29/09/2026 15:15
975570f6-2920-41c6-b71e-f5ca028ff86e,annual.mba,available,17.99,39.99,high,low,6,namesilo,,,22/09/2026 05:27
08cee9d5-aa4e-4254-981f-619bcc67090b,tenerife.mba,available,17,,high,low,8,unstoppable,,,01/10/2026 04:01
70d21c0e-87bc-4be8-b1b6-4123da966ca8,nimble.mba,available,11.98,49.98,high,low,6,namecheap,,,21/09/2026 23:05
7f70b64d-f8d3-417b-8619-9cc5cd05bdb5,sandhurst.mba,available,17,,medium,low,9,unstoppable,,,02/10/2026 20:49
7fc776dc-cabf-4744-a533-a98fb6609e26,bathrooms.mba,available,30.2,30.2,medium,low,9,cloudflare,,,30/09/2026 07:24
f32f3bbf-7616-4106-9040-3bdd97399906,drawback.mba,available,17.99,39.99,medium,low,8,namesilo,,,24/09/2026 23:54
e04a24de-6fb5-46ef-9c5c-3d3eea45fd59,splattered.mba,available,19.99,50.99,medium,low,10,name.com,,,13/08/2026 15:21
147d4ab4-f0f7-446f-964e-853e4c92ec9c,coiled.mba,available,11.98,49.98,medium,low,6,namecheap,,,12/08/2026 16:07
dfbd6a20-977a-4958-a755-deb2e9d15e5d,lowly.mba,available,11.98,49.98,medium,low,5,namecheap,,,08/08/2026 21:38
69424873-1644-4472-853d-048d62b1b443,momently.mba,available,11.98,49.98,medium,low,8,namecheap,,,15/09/2026 15:21
407103b9-f396-4994-9b55-72cc9e5b1cd1,amour.mba,available,11.98,49.98,high,low,5,namecheap,,,17/09/2026 14:07
d99766bd-4bf2-4655-9520-03657ed67bcd,spirant.mba,available,11.98,49.98,medium,low,7,namecheap,,,12/08/2026 23:20
9765f8d4-a208-4401-9284-c26cc1a9a644,irene.mba,available,10.55,31.25,medium,low,5,spaceship,,,28/09/2026 21:21
5f6ebc35-6c42-4bf1-beee-375ee85a0bf9,prettily.mba,available,11.98,49.98,medium,low,8,namecheap,,,15/09/2026 21:22
48034c17-2e6b-482a-bc7b-5b519bc2583a,fbs.mba,available,10.55,31.25,high,low,3,spaceship,,,29/09/2026 22:15
1c875de3-4f9d-4b59-9694-3018352b2a7d,strife.mba,available,17.99,39.99,high,low,6,namesilo,,,24/09/2026 22:33
959afb19-c408-4de4-8d65-1c5dd6098795,ironed.mba,available,11.98,49.98,medium,low,6,namecheap,,,22/08/2026 10:04
d57eab84-fb8b-455c-ab34-c736a5ed8e93,benzoate.mba,available,17.99,39.99,medium,low,8,namesilo,,,23/09/2026 08:56
053da57a-65d8-4c7e-9721-91043cd7eddf,fatalist.mba,available,11.98,49.98,medium,low,8,namecheap,,,17/08/2026 23:29
91fce408-bc23-4a3c-aa99-11836f0c198c,ambulation.mba,available,17.99,39.99,medium,low,10,namesilo,,,18/09/2026 17:29
1431d171-37bc-46fb-b11f-e183e63bffda,downscale.mba,available,11.98,49.98,medium,low,9,namecheap,,,14/08/2026 17:52
e0c268f9-b8c0-4d03-b542-389f72120469,temporarily.mba,available,19.99,,medium,low,11,name.com,,,
bdfdd363-99fc-4de7-8b62-c7d9d692424c,irresistible.mba,available,10.81,31.41,high,low,12,porkbun,,,29/09/2026 14:37
036c1123-ec06-47de-a82a-a93a47ad3a6b,sterope.mba,available,17.99,39.99,low,low,7,namesilo,,,20/09/2026 17:14
a0a03c05-42e3-480e-a4b9-833e7333221f,monegasque.mba,available,11.98,49.98,medium,low,10,namecheap,,,25/08/2026 04:03
332ff448-cb94-49a2-b21b-c68d01850893,liquidation.mba,available,10.55,31.25,high,low,11,spaceship,,,02/10/2026 21:24
264dd200-ef84-4fb2-8582-cc8790c218d6,garner.mba,available,10.88,32.21,high,low,6,dynadot,,,02/10/2026 05:00
a212269b-5500-42fb-8f91-f51a3fc6effc,loser.mba,available,11.98,49.98,medium,low,5,namecheap,,,18/09/2026 14:19
815f6023-4194-46c3-9831-f13925228754,granitic.mba,available,11.98,49.98,medium,low,8,namecheap,,,18/08/2026 08:22
638c5bd3-5691-4803-bcc4-a14d9f085b21,domitian.mba,available,17.99,39.99,high,low,8,namesilo,,,02/10/2026 14:51
5f3e8d2e-44d2-46bf-8a80-e2ff41c1331f,pollution.mba,available,19.99,50.99,medium,low,9,name.com,,,23/09/2026 02:05
81d2bb8c-a954-435f-9be6-56cfa4daaac0,coolly.mba,available,10.81,31.41,medium,low,6,porkbun,,,28/09/2026 14:20
96737b75-4436-4b10-9278-ac90fbad5887,avionics.mba,available,17.99,39.99,high,low,8,namesilo,,,21/09/2026 09:35
f3ddc068-98ee-4e7a-a6f9-592376ed04e3,turku.mba,available,30.2,30.2,high,low,5,cloudflare,,,30/09/2026 20:48
df904a65-cc91-414b-9557-01c443e83522,recognition.mba,available,10.55,31.25,high,low,11,spaceship,,,02/10/2026 21:11
b2308f58-febd-4b59-b2f4-ab18ea67f2dd,hewitt.mba,available,17.99,39.99,high,low,6,namesilo,,,25/09/2026 15:59
f84697c9-ea62-4a36-8ebd-d59e9c7aa850,diligently.mba,available,11.98,49.98,medium,low,10,namecheap,,,14/09/2026 12:40
0a5f0579-83e9-4af6-86a7-e30c853a8300,cups.mba,available,17.99,39.99,medium,low,4,namesilo,,,18/09/2026 07:17
5a77d58e-1670-46bd-88b5-a9309c25efbd,proclaim.mba,available,11.98,49.98,high,low,8,namecheap,,,30/09/2026 19:20
37f29372-2bb6-45cb-8df8-18dfa73d7352,lyndon.mba,available,17.99,39.99,medium,low,6,namesilo,,,25/09/2026 16:09
2715942c-afdc-4056-9ace-7fc7073b48df,hut.mba,available,17.99,39.99,high,low,3,namesilo,,,20/09/2026 07:59
2f9f3d61-4008-4c1f-b557-11656783a4ef,badness.mba,available,11.98,49.98,medium,low,7,namecheap,,,08/08/2026 07:23
47cddb92-eb95-4821-b0c6-deb01802affd,scriabin.mba,available,11.98,49.98,high,low,8,namecheap,,,18/09/2026 05:07
cf5e68f5-ee5e-4bfc-b493-8e76d9db0a6c,metternich.mba,available,10.55,31.25,high,low,10,spaceship,,,02/10/2026 05:33
a026c977-1514-49d2-8eec-cf8183d9d337,ban.mba,available,11.98,49.98,high,low,3,namecheap,,,18/08/2026 11:10
76cdc5b4-1a7b-4e87-bf24-8c3c9557306e,seperation.mba,available,17.99,39.99,low,low,10,namesilo,,,18/09/2026 17:16
9aeeb605-0fb5-44b7-bb6e-9e9a59f400f3,islamist.mba,available,10.55,31.25,high,low,8,spaceship,,,02/10/2026 05:26
b100303a-0524-4586-8048-ab29b6ead505,transeunt.mba,available,11.98,49.98,medium,low,9,namecheap,,,11/09/2026 18:53
981757fd-5462-4caa-b71b-cb96f4aca411,royston.mba,available,30.2,30.2,medium,low,7,cloudflare,,,03/10/2026 05:25
39b6b0c8-be55-4d6f-97cc-d0e9fbd4eedd,milwaukee.mba,available,10.81,31.41,high,low,9,porkbun,,,29/09/2026 01:40
c6dc513c-476a-4aba-97da-309f0e41070e,additionally.mba,available,17,,medium,low,12,unstoppable,,,30/09/2026 14:34
671b8658-d4e4-4287-b2ea-077866cb648e,monet.mba,available,11.98,49.98,high,low,5,namecheap,,,29/09/2026 18:23
24117485-1095-4699-9fc6-046b52672fc3,infringement.mba,available,10.55,31.25,medium,low,12,spaceship,,,02/10/2026 21:35
79552893-397b-4fbd-8e0c-5c9c1c28aa49,colchester.mba,available,10.55,31.25,medium,low,10,spaceship,,,28/09/2026 07:50
948967e7-073a-4384-b318-64e968836e17,maker.mba,available,10.88,32.21,high,medium,5,dynadot,,,01/10/2026 23:55
8be6af7d-6894-44e5-a799-32ff09f4ff65,numinous.mba,available,11.98,49.98,medium,low,8,namecheap,,,03/09/2026 23:01
cbe540a6-0b6b-4a30-85a6-822d8b2d8ce5,recounts.mba,available,17.99,39.99,medium,low,8,namesilo,,,30/09/2026 16:23
01a607b3-f052-4dfd-986a-8b63cca6106a,palestinian.mba,available,11.98,49.98,high,low,11,namecheap,,,02/10/2026 06:50
bb0acefe-eec4-4e74-a6d3-e9719a13728a,wakening.mba,available,10.55,31.25,high,low,8,spaceship,,,28/09/2026 23:37
ebac8ec4-163f-4d73-8fff-e78ecaf3177d,withheld.mba,available,10.88,32.21,medium,low,8,dynadot,,,30/09/2026 22:34
ba1b662a-a347-40b2-a71b-4c783cfc7c3e,hoax.mba,available,10.81,31.41,high,low,4,porkbun,,,30/09/2026 01:25
f9a32a0c-002e-47c3-97c7-7d64807790dc,enraptured.mba,available,11.98,49.98,high,low,10,namecheap,,,14/08/2026 23:46
edf1fae2-7109-4408-a7dd-d2f1e0cbdcb0,beecham.mba,available,30.2,30.2,medium,low,7,cloudflare,,,02/10/2026 23:11
afff4d42-fa21-4c9a-a93a-c8fad6c42252,campground.mba,available,17.99,39.99,high,low,10,namesilo,,,24/09/2026 11:56
9751d2f7-f6b9-463d-921a-291ba8faa4fa,metastatic.mba,available,11.98,49.98,medium,low,10,namecheap,,,24/08/2026 21:49
9b1842d6-0aed-4a5e-b284-a5f4e0237a5a,alters.mba,available,17.99,39.99,medium,low,6,namesilo,,,20/09/2026 13:23
d91d3148-232a-4ff6-a032-e84d751d08cc,habitual.mba,available,11.98,49.98,high,low,8,namecheap,,,20/08/2026 21:28
faeb9349-8575-4b8a-998c-0d4bdee5187a,ashland.mba,available,11.98,49.98,high,low,7,namecheap,,,27/09/2026 08:14
c1a87f6d-3485-4501-84e2-97ac19e69fc6,ancestors.mba,available,17,,medium,low,9,unstoppable,,,28/09/2026 08:45
70088ed5-50b1-4259-92e0-8b2db584b682,dioxide.mba,available,17,,high,low,7,unstoppable,,,29/09/2026 18:39
fc51c169-7dac-470e-90f5-2a022dd6f955,explorer.mba,available,10.55,31.25,high,low,8,spaceship,,,28/09/2026 15:17
183a193b-1feb-4332-8034-11e87642ecad,blackish.mba,available,11.98,49.98,medium,low,8,namecheap,,,10/08/2026 12:03
c46296a2-8031-4e47-b1be-75e123d4cfe3,ruritanian.mba,available,11.98,49.98,medium,low,10,namecheap,,,09/09/2026 19:43
a20d4a47-75e8-4db4-8306-5be1169e7249,plague.mba,available,11.98,49.98,medium,low,6,namecheap,,,29/09/2026 02:58
7a988249-b828-4cb7-8ab7-6b51ebc14fcf,catholicism.mba,available,17.99,39.99,high,low,11,namesilo,,,17/09/2026 00:07
1ab4e623-688e-4f61-9c06-1a800d24b1e4,rusted.mba,available,11.98,49.98,medium,low,6,namecheap,,,09/09/2026 20:17
c9f4c5a2-c694-4894-b9c1-380bbd2b98be,jugoslav.mba,available,11.98,49.98,medium,low,8,namecheap,,,13/09/2026 14:52
76be14ac-8907-46e2-ad9e-a83f9e017c96,mystify.mba,available,17.99,39.99,high,low,7,namesilo,,,21/09/2026 17:29
d43473ff-c82a-497b-b98a-d1195f4bd7ec,deposits.mba,available,17.99,39.99,medium,low,8,namesilo,,,02/10/2026 22:30
76ba6a99-0f9e-4068-a5e5-04317ed1ef30,harriet.mba,available,10.88,32.21,high,low,7,dynadot,,,27/09/2026 22:29
6b008480-1c53-4c6b-8526-f820e4d06563,fore.mba,available,11.98,49.98,high,low,4,namecheap,,,18/08/2026 11:26
d7bf1d82-7784-43a4-ad90-f934febf4dfc,panicked.mba,available,11.98,49.98,medium,low,8,namecheap,,,05/09/2026 00:57
eaa7f696-64c7-4938-ba77-16c40d407187,xlvi.mba,available,11.98,49.98,medium,low,4,namecheap,,,
7a5faaec-dc99-4857-bd4e-d7f1a63130e6,computed.mba,available,17.99,39.99,medium,low,8,namesilo,,,02/10/2026 13:22
002c9f94-ba77-450d-adcb-dccf6d67ffd0,rooftop.mba,available,10.55,31.25,high,low,7,spaceship,,,29/09/2026 20:13
5ff8f7bb-0bc8-4007-b3fc-c4f14155162c,fha.mba,available,10.55,31.25,high,low,3,spaceship,,,30/09/2026 17:17
bf43e7a8-050b-45db-a088-fd9576297c37,enos.mba,available,10.55,31.25,medium,low,4,spaceship,,,01/10/2026 08:05
1654269e-a723-4b1b-a908-44be55e19ac7,rubbing.mba,available,10.88,32.21,medium,low,7,dynadot,,,29/09/2026 02:04
0e9c454f-60fd-4e68-b963-0cad38a22d26,rail.mba,available,10.55,31.25,high,low,4,spaceship,,,29/09/2026 20:10
ce470850-fb6c-4ef0-9b34-adddb23f8d5e,adhesive.mba,available,11.98,49.98,high,low,8,namecheap,,,
46c04a9f-8d3d-4d6e-8d03-6aa653a6ce60,costumed.mba,available,11.98,49.98,medium,low,8,namecheap,,,13/08/2026 03:18
72543256-6ff8-4776-9c30-bbd954c74515,belch.mba,available,17.99,39.99,medium,low,5,namesilo,,,23/09/2026 04:34
f5d5f375-4d26-42f4-a9f0-75e14e767ae5,collier.mba,available,10.55,31.25,high,low,7,spaceship,,,02/10/2026 04:24
116a2978-9939-4bde-82e9-18f8f81a63ec,lyrical.mba,available,11.98,49.98,high,low,7,namecheap,,,24/08/2026 12:41
313b5fd8-2b2f-4046-b043-7a52606b30e9,eggplant.mba,available,17.99,39.99,high,low,8,namesilo,,,21/09/2026 02:30
df74c2c8-dc02-4cab-a489-3952480e54ca,twoscore.mba,available,11.98,49.98,medium,low,8,namecheap,,,
a6b45831-d709-4da7-9a62-1fb674d5f917,link.mba,resell,,,high,medium,4,"DNSPod, Inc.",09/03/2024 15:15,09/03/2027 15:15,29/09/2026 10:12
948f4ea7-63bc-4cf8-b689-a502f578cd53,stairs.mba,available,10.88,32.21,high,low,6,dynadot,,,30/09/2026 11:47
25699878-4905-4414-ae6c-4bddded3d79b,every.mba,available,17.99,39.99,high,medium,5,namesilo,,,01/10/2026 00:41
146f5d03-dc64-4972-9875-583dc669c740,apiarian.mba,available,11.98,49.98,medium,low,8,namecheap,,,05/08/2026 23:53
eb2dfbf2-77c1-4d21-bf32-5437027f3571,illuminate.mba,available,11.98,49.98,high,low,10,namecheap,,,23/08/2026 02:47
6690f020-5f02-4900-b4f1-964f506a3a85,cso.mba,available,11.98,49.98,high,low,3,namecheap,,,02/10/2026 21:32
31d4eb65-0f87-4481-9b42-ce5366fc938d,psychologists.mba,available,10.88,32.21,medium,low,13,dynadot,,,01/10/2026 18:37
93c23580-06e8-410b-8473-2375454ab5b8,dissertation.mba,available,30.2,30.2,high,low,12,cloudflare,,,30/09/2026 03:22
b308b49d-45c8-4f6e-aa5a-0f512188d82b,hawaiian.mba,available,11.98,49.98,high,low,8,namecheap,,,21/08/2026 01:36
e5a09bfe-2737-4e10-93c1-17fd436c27da,punjab.mba,available,17.99,39.99,high,low,6,namesilo,,,27/09/2026 05:06
721cf07c-7ec9-4e34-ae9c-010fd80c176b,bake.mba,available,10.55,31.25,high,low,4,spaceship,,,30/09/2026 15:33
c7559fea-a5a8-4b2d-b7ea-6f3f155eac88,carve.mba,available,19.99,50.99,high,low,5,name.com,,,13/08/2026 12:51
6423d607-c18a-42b4-87e0-c53fd4d7478a,beauvoir.mba,available,17.99,39.99,high,low,8,namesilo,,,22/09/2026 22:24
c53716a4-c650-4e88-a17a-87431b6bfc7c,richly.mba,available,11.98,49.98,high,low,6,namecheap,,,13/09/2026 19:38
258639a2-2bf7-4033-87c5-d22b5444caae,looted.mba,available,11.98,49.98,medium,low,6,namecheap,,,24/08/2026 09:45
9edb7fd9-0fd5-437e-807e-09d905222aa8,dbs.mba,available,10.88,32.21,high,low,3,dynadot,,,01/10/2026 10:18
b08fbc27-0acc-4bf2-9149-57273940cf3b,carly.mba,available,17.99,39.99,high,low,5,namesilo,,,29/09/2026 15:23
99b03db2-5968-4cd4-81fb-43e2e32a6d60,culpable.mba,available,11.98,49.98,medium,low,8,namecheap,,,10/08/2026 12:34
40779c7c-b3dc-40b5-a58c-5d072f9478dc,punic.mba,available,11.98,49.98,medium,low,5,namecheap,,,11/08/2026 19:51
ec4d5b24-7df5-45a9-a2e8-53ae5a354c55,sawmill.mba,available,17,,high,low,7,unstoppable,,,02/10/2026 05:40
30dd3999-4aef-4568-b2ea-de5146256fc3,world.mba,resell,,,high,medium,5,"DNSPod, Inc.",04/02/2021 02:38,04/02/2031 02:38,27/09/2026 08:03
0f32dea4-de1d-4f95-a8b4-f463db7d1299,recreational.mba,available,10.55,31.25,high,low,12,spaceship,,,29/09/2026 10:15
731e8e5b-d154-4616-a170-5bf55d4feeb2,roast.mba,available,11.98,49.98,high,low,5,namecheap,,,27/09/2026 15:46
cea6d2f3-a640-44b9-810b-653f7a3c102d,alejandro.mba,available,17,,high,low,9,unstoppable,,,28/09/2026 07:52
df31b700-6b74-4e83-9c31-953c3742404c,drum.mba,available,11.98,49.98,high,low,4,namecheap,,,10/08/2026 18:17
32b2e7e6-e13c-4218-b925-c7a5928b7a3f,tarragona.mba,available,10.55,31.25,medium,low,9,spaceship,,,03/10/2026 04:32
2e0e1c4f-827c-44bf-a1de-1bd7c7339bcd,carry.mba,available,17.99,39.99,high,low,5,namesilo,,,28/09/2026 00:56
140cab77-918d-4388-8f73-e38e91ce675d,skunk.mba,available,11.98,49.98,high,low,5,namecheap,,,11/08/2026 09:13
ac3f0c8a-b819-487c-b46b-c9036406b6f5,climbed.mba,available,10.88,32.21,low,low,7,dynadot,,,28/09/2026 08:46
204a6ac3-d11d-4841-ab79-7961a1619344,imagery.mba,available,30.2,30.2,high,low,7,cloudflare,,,29/09/2026 19:16
acd05b72-1ef2-4ada-8ab9-0ef21b437b9d,raccoon.mba,available,30.2,30.2,high,low,7,cloudflare,,,30/09/2026 09:06
c57e1720-0943-4db8-9706-dfef0855fd43,rollins.mba,available,17.99,39.99,high,low,7,namesilo,,,27/09/2026 08:03
ab930ea7-ed2b-4a38-942f-b187d426b16a,debasement.mba,available,17.99,39.99,medium,low,10,namesilo,,,17/09/2026 10:16
49a6a989-40e8-4c69-a9d9-c8e6ddc5bb20,elizabeth.mba,available,17.99,39.99,high,low,9,namesilo,,,25/09/2026 05:29
b2cc9571-f061-491b-81e8-3602d5ea9a5d,laconia.mba,available,10.55,31.25,medium,low,7,spaceship,,,02/10/2026 05:33
2886764d-6d32-4d7f-9207-f65abdb6749e,biohazard.mba,available,11.98,49.98,medium,low,9,namecheap,,,23/09/2026 18:14
8759403c-3235-4c06-99ed-77da9f8943ad,bent.mba,available,11.98,49.98,medium,low,4,namecheap,,,09/08/2026 14:16
85d4c3a2-568e-46ef-a3db-832bee0a986e,tait.mba,available,17.99,39.99,medium,low,4,namesilo,,,03/10/2026 03:43
803958a9-fe47-4241-877e-4a4882ce87f0,instrumental.mba,available,10.55,31.25,high,low,12,spaceship,,,29/09/2026 08:27
41da24e1-50b8-49b1-829b-8c535e5ac338,mistakenly.mba,available,11.98,49.98,medium,low,10,namecheap,,,14/09/2026 16:00
b3fb115c-17d3-46a8-9d50-caaeb51b0871,pentium.mba,available,17.99,39.99,high,low,7,namesilo,,,01/10/2026 11:44
6589a188-dc77-49c2-9fa0-02f6f3a6f241,firenze.mba,available,17.99,39.99,high,low,7,namesilo,,,03/10/2026 00:50
f62d9cec-ecff-4b6d-b6ef-6c4708bca500,babes.mba,available,10.55,31.25,high,low,5,spaceship,,,01/10/2026 16:19
80c6a927-6874-4b55-b82d-f510937e6fee,neva.mba,available,10.55,31.25,high,low,4,spaceship,,,30/09/2026 18:10
772f1b64-3e78-4403-8c95-c40b5441cc8f,lifting.mba,available,10.55,31.25,high,low,7,spaceship,,,28/09/2026 04:32
b934f19a-dff5-4413-bb7f-1991c05cb5d6,bhang.mba,available,17.99,39.99,medium,low,5,namesilo,,,23/09/2026 12:34
71f0749d-2149-44c0-89a2-ab3fbf1d9698,damian.mba,available,17.99,39.99,medium,low,6,namesilo,,,28/09/2026 21:56
fd33e8ce-9619-4f08-ad45-86b9d4e6beea,bulls.mba,available,10.55,31.25,high,low,5,spaceship,,,28/09/2026 07:33
b2df42e0-c602-486b-8578-fef930aae75c,teller.mba,available,17.99,39.99,high,low,6,namesilo,,,22/09/2026 02:23
692f114e-4011-459f-a3b6-aeb71c5db188,dextrous.mba,available,11.98,49.98,medium,low,8,namecheap,,,13/08/2026 23:53
59edaafb-bd6a-42c7-beaf-c0ffa89b6095,buddha.mba,available,17,,high,low,6,unstoppable,,,28/09/2026 05:20
c919dc54-9a69-424e-a5c2-9ec0a6aefd4b,scant.mba,available,11.98,49.98,medium,low,5,namecheap,,,09/09/2026 22:36
1f35d818-cd1f-4424-92fa-83b6e01b066c,obstacle.mba,available,10.55,31.25,medium,low,8,spaceship,,,28/09/2026 10:38
3c97d88a-e09c-4d81-8a47-dc3308994877,pushing.mba,available,30.2,30.2,high,low,7,cloudflare,,,30/09/2026 08:57
009585a7-87af-43af-a908-bf5c582ef196,cynthia.mba,available,17.99,39.99,high,low,7,namesilo,,,20/09/2026 10:13
85f9be70-a1ad-44c2-89ce-b94af04a8fec,satiny.mba,available,11.98,49.98,medium,low,6,namecheap,,,09/09/2026 21:41
3a1ed3b2-0420-4363-a79d-ab4b06f3c1cd,heartbeat.mba,available,11.98,49.98,high,low,9,namecheap,,,22/08/2026 07:28
81c0ad76-4bc9-40a4-8ea1-7ac1eff6ccbf,betterment.mba,available,11.98,49.98,high,low,10,namecheap,,,18/09/2026 18:20
4d1509f0-7e2c-4df5-9cdf-d3fd2d6ecaac,doolittle.mba,available,10.88,32.21,medium,low,9,dynadot,,,29/09/2026 00:40
77f34f3e-bfed-4be6-ae70-73ab02f9a21d,crushed.mba,available,11.98,49.98,high,low,7,namecheap,,,13/08/2026 09:11
d51a2e5f-7ab9-43c2-ba46-09ecb19be64f,sanative.mba,available,11.98,49.98,medium,low,8,namecheap,,,
86018de4-aa5a-469e-9856-0a498e537a45,bladder.mba,available,17.99,39.99,high,low,7,namesilo,,,24/09/2026 03:26
6a0c03ea-972c-469e-a521-7809ccce1e04,tashkent.mba,available,11.98,49.98,medium,low,8,namecheap,,,24/09/2026 12:32
17b93450-ba3e-433c-8703-8f1e30f942f4,mercenary.mba,available,11.98,49.98,high,low,9,namecheap,,,24/08/2026 17:14
449b36ab-d103-4309-80a0-1c6a9b4f80c8,stc.mba,available,10.55,31.25,high,low,3,spaceship,,,02/10/2026 13:44
0a381018-2faf-4ac1-827b-bcaaab1e85e0,welcomes.mba,available,17,,medium,low,8,unstoppable,,,02/10/2026 13:23
7acc6f20-2ee6-4864-bc50-b7063f59de17,texture.mba,available,10.55,31.25,high,low,7,spaceship,,,28/09/2026 20:37
2b20878d-725a-4405-95ca-dc13234dd659,podlike.mba,available,11.98,49.98,medium,low,7,namecheap,,,08/09/2026 22:31
7c48acd0-74af-48cd-a261-4b671da90202,synthesis.mba,available,17.99,39.99,high,low,9,namesilo,,,30/09/2026 16:58
0571dc80-e37e-492b-810b-2856d58814f6,anile.mba,available,11.98,49.98,medium,low,5,namecheap,,,
a6c51389-2643-4f06-8f49-2dac338877bd,kafkaesque.mba,available,11.98,49.98,medium,low,10,namecheap,,,22/08/2026 15:04
b7e8638c-a866-4fbc-bcde-4edc44e78171,cream.mba,available,30.2,30.2,high,low,5,cloudflare,,,01/10/2026 02:33
b28e0868-6fad-4871-a5b3-39643e8fd25e,strafford.mba,available,10.81,31.41,medium,low,9,porkbun,,,02/10/2026 20:46
769f8467-e03b-4299-a2e6-e3eccad04d63,toyama.mba,available,30.2,30.2,medium,low,6,cloudflare,,,03/10/2026 05:23
b3558148-eaa0-4cab-a0a0-2426f451ea40,vowels.mba,available,17.99,39.99,medium,low,6,namesilo,,,20/09/2026 00:07
b6001104-ca63-40dc-827e-412ad43b4c72,stop.mba,available,17.99,39.99,high,low,4,namesilo,,,24/09/2026 23:23
fde0621b-afd4-4574-9849-2e2a196a3d45,bootless.mba,available,11.98,49.98,medium,low,8,namecheap,,,10/08/2026 19:37
2d35d85e-a3e0-44b9-8420-26c1862af291,dopy.mba,available,11.98,49.98,low,low,4,namecheap,,,14/08/2026 16:02
f90f0a0a-03fd-472c-88d6-d0eb6de08292,groningen.mba,available,17.99,39.99,medium,low,9,namesilo,,,29/09/2026 03:44
f10434bc-6919-4a62-b5b2-841a06f8e0ac,imminently.mba,available,11.98,49.98,medium,low,10,namecheap,,,15/09/2026 02:00
7390f9bf-3c2e-498b-bc6f-c8229bed682f,jana.mba,available,17.99,39.99,high,low,4,namesilo,,,29/09/2026 15:30
cb1839e5-2ccc-4d8b-a87b-fb0a54ca81bb,bagging.mba,available,11.98,49.98,medium,low,7,namecheap,,,21/09/2026 18:06
bbfb0c45-e3aa-4a8e-b075-75fb2e5e91e5,petroglyphs.mba,available,11.98,49.98,medium,low,11,namecheap,,,02/10/2026 23:09
f6f66a1d-1135-4680-bafc-e7157d38faf9,bellowing.mba,available,17.99,39.99,medium,low,9,namesilo,,,23/09/2026 06:18
d1eaa0bd-eb23-4fc8-86f4-dacf40f729f6,drafty.mba,available,11.98,49.98,medium,low,6,namecheap,,,14/08/2026 18:12
2fc7e9bd-1f48-47bc-9c1d-6293b58be02c,banjo.mba,available,17.99,39.99,high,low,5,namesilo,,,22/09/2026 02:11
7e378ae3-52ac-4dac-b6fe-3836d83d01e9,abnormal.mba,available,17.99,39.99,high,low,8,namesilo,,,21/09/2026 14:04
b160b810-9bc6-4cbd-99f0-8ad3e10d5dd5,nfl.mba,available,17.99,39.99,high,low,3,namesilo,,,26/09/2026 03:28
5bec8a5e-0b17-402b-91fd-a153b3877c23,adore.mba,available,17.99,39.99,high,low,5,namesilo,,,29/09/2026 08:22
53262828-675f-40c2-aef8-9f15817aa127,automated.mba,available,17.99,39.99,high,low,9,namesilo,,,22/09/2026 13:58
fd88ec2e-dc77-4e4d-a444-a2d96b377a4c,replay.mba,available,11.98,49.98,high,low,6,namecheap,,,17/09/2026 05:07
238d88ce-c428-4678-aac1-7f0bdf098ac7,dispenser.mba,available,11.98,49.98,high,low,9,namecheap,,,24/09/2026 22:56
02d8384b-b2ae-444b-99c1-2f6d98ae4bfe,ionizing.mba,available,17,,medium,low,8,unstoppable,,,29/09/2026 08:38
7ab4b79c-4aeb-44a8-a7f1-b1c8eb5a79b1,nursing.mba,available,17.99,39.99,high,low,7,namesilo,,,27/09/2026 11:56
b11e6333-f4ff-43c4-b4ec-b8cefce767bd,cabs.mba,available,30.2,30.2,medium,low,4,cloudflare,,,02/10/2026 03:57
0f413b97-aaf2-4e9f-be73-64dd9e11669c,required.mba,available,11.98,49.98,high,low,8,namecheap,,,23/09/2026 18:27
d25a73b8-7b49-4275-ad40-c8179e8fe490,visits.mba,available,17.99,39.99,medium,low,6,namesilo,,,28/09/2026 13:15
81151df8-ac1f-4854-a8e2-82cb99920f5a,finals.mba,available,17.99,39.99,high,low,6,namesilo,,,18/09/2026 22:07
4f0445b0-b198-4074-a426-9360e0a37497,pyramids.mba,available,17,,high,low,8,unstoppable,,,30/09/2026 06:41
b87d6cb8-d0c4-4895-985c-cd72fd0c7572,goodall.mba,available,10.55,31.25,high,low,7,spaceship,,,30/09/2026 09:56
af08369a-d2d8-4195-a5fe-a8b1bcf1a11d,sketch.mba,available,17.99,39.99,high,low,6,namesilo,,,28/09/2026 01:36
0d32f7e0-776c-45e5-838c-4c112c03d758,foldable.mba,available,11.98,49.98,high,low,8,namecheap,,,18/08/2026 10:06
6c82708e-f738-4b1f-becb-669281b402f6,scarred.mba,available,17.99,39.99,medium,low,7,namesilo,,,25/09/2026 17:02
86896003-bf24-4d7e-9aac-314b39ccf265,survive.mba,available,17.99,39.99,high,low,7,namesilo,,,25/09/2026 11:10
d1b25084-c593-4d4a-b2aa-a6301ec63d64,wang.mba,available,10.88,32.21,high,low,4,dynadot,,,27/09/2026 17:02
b38068dd-4c1f-48a2-a104-ebad26fd5e07,mosquitoes.mba,available,17.99,39.99,low,low,10,namesilo,,,18/09/2026 14:22
3fdce9c2-e92b-487c-924c-fa7124c70212,tested.mba,available,19.99,59.99,high,low,6,godaddy,,,28/09/2026 02:20
de48c57b-2b67-4056-87c3-23d483c4b227,barwood.mba,available,11.98,49.98,medium,low,8,namecheap,,,
aec0d731-aad3-4dca-b721-2d65d3dc22a5,commensal.mba,available,11.98,49.98,medium,low,9,namecheap,,,12/08/2026 19:08
88afa51d-750d-4de3-8142-8a6a5856e4d7,mithraic.mba,available,11.98,49.98,medium,low,8,namecheap,,,25/08/2026 01:58
2eec4c51-b8b4-4cd1-bb1a-89e569a6aa7b,armorial.mba,available,11.98,49.98,medium,low,8,namecheap,,,06/08/2026 20:15
c76c00ef-4363-4832-9592-2169d11f66bf,andersen.mba,available,17.99,39.99,high,low,8,namesilo,,,19/09/2026 04:01
f160a20c-2cca-4891-ad37-32433af1dcc3,candied.mba,available,11.98,49.98,medium,low,7,namecheap,,,11/08/2026 16:48
1148b76b-5621-4ebf-9e9a-5689969207cd,atherton.mba,available,11.98,49.98,medium,low,8,namecheap,,,28/09/2026 09:10
59339c14-52bf-438f-befa-a7c6030d10a0,finespun.mba,available,11.98,49.98,medium,low,8,namecheap,,,18/08/2026 04:51
eece4b0c-4e65-4018-9140-9a1000cad9cc,rinpoche.mba,available,10.55,31.25,medium,low,8,spaceship,,,01/10/2026 23:21
233b82ec-f31a-4eab-ac93-579eae08ada3,underwear.mba,available,10.55,31.25,high,low,9,spaceship,,,30/09/2026 14:15
3dbde42b-1d74-409b-b579-e8e4789f8c48,gps.mba,available,10.55,31.25,high,medium,3,spaceship,,,29/09/2026 01:05
824d5bf6-e72c-4555-a3e4-95808468e840,cope.mba,available,11.98,49.98,high,low,4,namecheap,,,24/09/2026 18:08
c305187d-e794-470d-b5a5-8ee74db2c166,gorki.mba,available,11.98,49.98,medium,low,5,namecheap,,,18/09/2026 05:08
837dc2c0-265f-4d2c-8eeb-8c5027abaadc,careers.mba,premium,242,242,high,low,7,namesilo,,,28/09/2026 23:00
5aaf80f4-135d-4b40-af29-61b462a93cc4,renewable.mba,available,11.98,49.98,high,low,9,namecheap,,,09/09/2026 14:03
40666496-fcab-477e-a8be-216c12062688,dwelling.mba,available,17,,high,low,8,unstoppable,,,29/09/2026 17:19
3892bf09-0ff6-4dc0-a206-8c5c7e3c4e77,interpretive.mba,available,17.99,39.99,medium,low,12,namesilo,,,03/10/2026 03:31
f962ac6d-07f4-4cc6-85a9-573e432e6154,conceptual.mba,available,11.98,49.98,high,low,10,namecheap,,,12/08/2026 20:05
e2ca4196-cbd5-46ca-acfa-e65dbd644e96,barn.mba,available,17.99,39.99,high,low,4,namesilo,,,29/09/2026 01:11
66e62ec8-907f-42d4-985b-33ecef502d82,cord.mba,available,17.99,39.99,high,low,4,namesilo,,,29/09/2026 11:36
86e67b22-4688-4bc1-92ce-f9c49572579b,fudge.mba,available,17.99,39.99,high,low,5,namesilo,,,30/09/2026 09:49
88069517-de8c-477d-87f7-aa803e743e60,lunch.mba,available,17,,high,low,5,unstoppable,,,29/09/2026 13:42
7ad97e78-193a-4e4b-8dd5-5aacce6e634b,willard.mba,available,17.99,39.99,medium,low,7,namesilo,,,25/09/2026 05:33
d564f463-6651-449d-abdb-1fc39d484774,blackened.mba,available,11.98,49.98,medium,low,9,namecheap,,,10/08/2026 11:47
a32173c7-cfb9-47a0-8ba3-bd526045b31b,sisyphean.mba,available,11.98,49.98,medium,low,9,namecheap,,,10/09/2026 08:58
776a3694-a30e-4b0e-b74b-30fe00265afb,partially.mba,available,11.98,49.98,medium,low,9,namecheap,,,15/09/2026 18:59
696ca11f-d530-4ee2-b200-4c169170245d,nikos.mba,available,30.2,30.2,medium,low,5,cloudflare,,,03/10/2026 04:35
548e6de8-f8ef-4226-8e1c-061712d76e8f,citified.mba,available,11.98,49.98,medium,low,8,namecheap,,,12/08/2026 08:47
a6f1f3ba-fa96-4d92-9ec8-0c31c5517e79,arrhenius.mba,available,11.98,49.98,high,low,9,namecheap,,,20/09/2026 09:11
8144cd62-f341-4b5d-b737-67004f523207,riemann.mba,available,17.99,39.99,high,low,7,namesilo,,,23/09/2026 09:54
1513146b-91f8-4bde-a1dc-6e606015c80a,widow.mba,available,11.98,49.98,high,low,5,namecheap,,,27/09/2026 05:54
fc521fd5-8f27-40e7-8002-538e4a0b25d6,siamese.mba,available,11.98,49.98,high,low,7,namecheap,,,10/09/2026 07:27
f74133aa-429c-479f-80af-37f10bbd2579,guessed.mba,available,17.99,39.99,low,low,7,namesilo,,,29/09/2026 11:03
ca3e6c89-3621-45bb-9563-4086f775644f,naples.mba,available,10.55,31.25,medium,low,6,spaceship,,,29/09/2026 07:39
c7668e7a-2120-4599-8653-cc81d766361a,kicker.mba,available,30.2,30.2,high,low,6,cloudflare,,,30/09/2026 17:48
c910e267-ed36-4e8b-815a-f5d845910dab,arctic.mba,available,11.98,49.98,high,low,6,namecheap,,,06/08/2026 16:07
3da3e5b4-58ff-44d8-9efd-d3c1955022d6,wolfish.mba,available,11.98,49.98,medium,low,7,namecheap,,,15/08/2026 07:01
feb5cdff-c1aa-4dcf-badf-26eb63139d57,specifically.mba,available,17.99,39.99,high,low,12,namesilo,,,26/09/2026 00:54
64dda7a2-130b-4569-8f1b-2727f8f45684,pigfish.mba,available,17.99,39.99,medium,low,7,namesilo,,,17/09/2026 00:46
b5058f49-5459-44d8-a9c9-fa7217c394db,munition.mba,available,17.99,39.99,high,low,8,namesilo,,,20/09/2026 07:44
e6f2959f-542d-4899-8e16-fa23545917f1,ripped.mba,available,10.55,31.25,high,low,6,spaceship,,,27/09/2026 17:41
5089ae17-1a74-4502-9697-f9886b9f92a0,injected.mba,available,10.88,32.21,medium,low,8,dynadot,,,29/09/2026 10:57
fd5fe6ab-f6ef-40f8-a0e3-417c2087cf52,accident.mba,available,30.2,30.2,medium,low,8,cloudflare,,,28/09/2026 17:24
6e5b0c2c-6c17-4838-8233-2af93792a8a5,astray.mba,available,11.98,49.98,medium,low,6,namecheap,,,13/09/2026 22:14
26c23502-0a4e-40a3-9c3d-27cea8a22164,chestnuts.mba,available,11.98,49.98,medium,low,9,namecheap,,,20/09/2026 20:45
e6481f8d-73ba-4c17-8f60-1b6ef8314a5e,tweet.mba,available,10.55,31.25,high,low,5,spaceship,,,30/09/2026 05:48
af528ac8-2a4a-4880-a3bb-f57643e8a2d4,blogs.mba,available,17.99,39.99,medium,low,5,namesilo,,,20/09/2026 05:52
7e5bdce0-6f3f-4fb1-83f4-be5bd9985378,typhoon.mba,available,17,,high,low,7,unstoppable,,,29/09/2026 14:05
6f2c869f-a4b9-4c1b-abe1-0c46e200d63b,navarino.mba,available,17.99,39.99,medium,low,8,namesilo,,,22/09/2026 15:32
80a979b2-4349-4a4c-838d-bc53f35f0124,crotch.mba,available,17.99,39.99,medium,low,6,namesilo,,,24/09/2026 19:42
02d896d9-bd9b-4f1c-9b9a-36604461cb7b,cyclin.mba,available,10.55,31.25,high,low,6,spaceship,,,02/10/2026 18:35
3fa99210-9faf-4c8f-8038-ac9d679923e5,riders.mba,available,17.99,39.99,high,low,6,namesilo,,,20/09/2026 01:20
adcc4b20-55f8-4a64-9f9f-21d88a67616c,maddie.mba,available,17.99,39.99,high,low,6,namesilo,,,01/10/2026 11:42
60e0c83e-9f39-4829-b5e8-15bab2145979,reference.mba,available,10.55,31.25,high,low,9,spaceship,,,28/09/2026 18:25
f9d72439-406d-403a-b72c-7b6eb54fd243,threads.mba,available,11.98,49.98,high,low,7,namecheap,,,25/09/2026 00:19
b3a047e5-f9bc-4005-957c-a850928f8f38,clive.mba,available,17.99,39.99,high,low,5,namesilo,,,22/09/2026 07:05
a8c5e8a4-e0f6-44e3-9bcf-2172ec3e223b,finical.mba,available,11.98,49.98,medium,low,7,namecheap,,,18/08/2026 04:56
2be528c3-4b7d-4323-861e-f25d723f3086,trilingual.mba,available,11.98,49.98,high,low,10,namecheap,,,11/09/2026 19:48
a8a95502-530b-4eca-9db7-fcb68cba161c,uncut.mba,available,11.98,49.98,high,low,5,namecheap,,,12/09/2026 06:52
e401b767-2a6d-446e-917a-26969d4d5e97,manifestly.mba,available,11.98,49.98,medium,low,10,namecheap,,,08/09/2026 20:23
5a0b3364-002c-4b61-b196-46771cf22d98,heartsease.mba,available,17.99,39.99,medium,low,10,namesilo,,,20/09/2026 19:40
29dfddc9-c901-480c-ac5a-bfd0fff221c7,tenant.mba,available,30.2,30.2,high,low,6,cloudflare,,,28/09/2026 20:19
fe6443da-49a2-47df-b4fc-70ad6e1f0252,hypaethral.mba,available,11.98,49.98,medium,low,10,namecheap,,,21/08/2026 16:39
eb72da8d-11fe-4ba1-9c83-2d27ae541eff,lobes.mba,available,10.55,31.25,medium,low,5,spaceship,,,01/10/2026 17:10
21923214-36df-46d8-8a8c-435f156877dd,barangay.mba,available,17,,medium,low,8,unstoppable,,,02/10/2026 18:11
a66fecf7-bcfc-4b41-9e9e-c19812ac2500,mond.mba,available,17.99,39.99,medium,low,4,namesilo,,,02/10/2026 23:20
84261c8c-c6a8-4a1c-9267-856da949c358,personalities.mba,available,10.55,31.25,medium,low,13,spaceship,,,29/09/2026 00:05
66a95884-944c-4155-9124-c00df2757f01,toa.mba,available,17,,high,low,3,unstoppable,,,02/10/2026 17:59
289a56c3-7542-4627-a0f0-21c46ab2c3a9,preparatory.mba,available,17.99,39.99,high,low,11,namesilo,,,02/10/2026 11:28
a2b43bd0-c142-4f56-9795-e786e8c78ffd,assonance.mba,available,11.98,49.98,medium,low,9,namecheap,,,20/09/2026 16:32
6e1aabe7-7b46-4345-a0b5-b9f8716818fd,longwise.mba,available,11.98,49.98,medium,low,8,namecheap,,,22/08/2026 23:42
cbd777da-cc46-4981-9c18-0789acfbb41d,improperly.mba,available,11.98,49.98,medium,low,10,namecheap,,,15/09/2026 04:32
7851cc03-35f3-48ff-a973-a023390fea6a,tot.mba,available,17.99,39.99,high,low,3,namesilo,,,22/09/2026 00:39
bf504f36-a2e5-46f9-b15d-2f07be4edd20,pharos.mba,available,11.98,49.98,high,low,6,namecheap,,,22/09/2026 19:15
bd80f3ad-c2c7-41e8-ba2c-43db12d93598,replaced.mba,available,17.99,39.99,medium,low,8,namesilo,,,27/09/2026 22:59
4e6a9c0e-a8e1-4abb-ad14-1f2ea4814b92,phase.mba,available,10.55,31.25,high,low,5,spaceship,,,30/09/2026 06:41
cc20b9e5-17c3-48d9-9563-ccf6bbac22fb,carrick.mba,available,17,,medium,low,7,unstoppable,,,30/09/2026 20:19
c8283a04-bfc4-4555-b8b6-60311f722482,freeman.mba,available,17.99,39.99,high,low,7,namesilo,,,30/09/2026 09:45
10f373d7-e66f-4e52-838b-7a2d949dfa25,photographic.mba,available,11.98,49.98,high,low,12,namecheap,,,28/09/2026 21:08
fa12881e-1cca-4bd4-9741-8e5cc6c010c1,kennebec.mba,available,17.99,39.99,high,low,8,namesilo,,,01/10/2026 07:23
ee43be96-9d55-45f0-adc4-e768a1c9e501,belorussia.mba,available,11.98,49.98,medium,low,10,namecheap,,,23/09/2026 04:27
7ae6115e-7d15-4ca2-805a-5cfe1cc4f666,smuggler.mba,available,17,,medium,low,8,unstoppable,,,03/10/2026 00:10
99ed57bc-90cb-460d-a2a1-df250b9a05e1,republican.mba,available,11.98,49.98,high,low,10,namecheap,,,09/09/2026 14:43
15dd64ad-5e14-452b-a94c-4351e75e85ce,jocose.mba,available,11.98,49.98,medium,low,6,namecheap,,,22/08/2026 12:54
dc9daaef-8989-48b7-9ee0-099955d8a206,pennsylvania.mba,available,10.55,31.25,high,low,12,spaceship,,,28/09/2026 11:48
8e70efa8-bfba-4650-b3d5-a26ef234ab2d,ravioli.mba,available,17.99,39.99,high,low,7,namesilo,,,24/09/2026 12:37
0b1cf7ca-573f-4368-bd02-4fb480762233,gravely.mba,available,11.98,49.98,medium,low,7,namecheap,,,13/09/2026 23:09
2f3e3b88-38a7-4bf4-8ea9-e392f450bbbe,intervention.mba,available,17,,high,low,12,unstoppable,,,29/09/2026 04:42
7e2fc393-fb1c-40c4-adb5-a7f9d3aa8155,marang.mba,available,17.99,39.99,medium,low,6,namesilo,,,20/09/2026 12:01
7914a16f-d20f-47d9-93c7-cd00d9b57165,werner.mba,available,11.98,49.98,high,low,6,namecheap,,,25/09/2026 21:47
e6a30281-458f-4076-b1e9-a66a5d0fc664,antelope.mba,available,11.98,49.98,high,low,8,namecheap,,,19/09/2026 12:50
af3b3b42-2d01-43b7-80bf-65f0d1af5b4f,vmi.mba,available,17,,high,low,3,unstoppable,,,03/10/2026 04:53
f40e7f54-f38d-4a86-b337-8ec50f34f71f,sharp.mba,available,17.99,39.99,high,low,5,namesilo,,,21/09/2026 16:42
9290e664-ca02-4d40-90af-67abd3c8b647,breslau.mba,available,10.55,31.25,medium,low,7,spaceship,,,28/09/2026 18:29
eb9687a3-0fbd-43b4-8931-0991471ac65b,jazz.mba,available,17,,high,low,4,unstoppable,,,29/09/2026 20:07
ce8307d0-379b-453d-91dd-4760d49dd05a,batter.mba,available,17.99,39.99,high,low,6,namesilo,,,22/09/2026 14:16
a7a2b32b-1d42-4ff0-9853-0447dc98c969,nigh.mba,available,11.98,49.98,medium,low,4,namecheap,,,12/08/2026 12:04
27d0f366-1221-4362-a184-44ab7b025a9c,tingling.mba,available,11.98,49.98,high,low,8,namecheap,,,11/09/2026 15:29
d4eaa2cf-93c6-493d-b797-29285cc19311,scranton.mba,available,11.98,49.98,medium,low,8,namecheap,,,26/09/2026 00:14
cf2f0a86-f3d0-458c-b7f5-2aa3ab4a9754,venturer.mba,available,30.2,30.2,high,low,8,cloudflare,,,01/10/2026 17:18
e44c2b9d-bb12-44a7-8fc1-9c7ef9d3ff3e,dryer.mba,available,10.55,31.25,medium,low,5,spaceship,,,29/09/2026 18:42
a27d68f3-1351-4b6b-9618-db1e4b351f96,akhenaton.mba,available,11.98,49.98,medium,low,9,namecheap,,,17/09/2026 23:57
c1e55f9a-4e45-4958-8460-e409da4afc26,bagasse.mba,available,11.98,49.98,medium,low,7,namecheap,,,21/09/2026 17:47
eb876e8a-3651-4d1d-9d53-b97f70100e1c,quoted.mba,available,10.88,32.21,medium,low,6,dynadot,,,29/09/2026 23:28
384a85df-fb2c-4f0c-8f08-2e43aefbda39,knox.mba,available,17.99,39.99,high,low,4,namesilo,,,28/09/2026 06:06
48eed54d-0544-4eb9-99c4-6234a82c4cf3,coffeehousing.mba,available,11.98,49.98,medium,low,13,namecheap,,,20/09/2026 21:09
3947a57d-1dff-42cd-91d6-73507befaf83,blizzard.mba,available,30.2,30.2,medium,low,8,cloudflare,,,29/09/2026 00:11
ddef6c93-5365-4976-b596-40522169a68c,telegrams.mba,available,17.99,39.99,medium,low,9,namesilo,,,02/10/2026 23:13
923897d1-8c13-47a7-aa50-dafb08333837,stylistic.mba,available,11.98,49.98,high,low,9,namecheap,,,10/09/2026 23:19
a761f44c-5776-47b2-a9e6-f5d8a8037c2f,ridge.mba,available,30.2,30.2,high,low,5,cloudflare,,,28/09/2026 03:01
dae59a91-d6d3-45f1-9c97-2e2bfe040287,suggesting.mba,available,10.55,31.25,high,low,10,spaceship,,,27/09/2026 17:56
dd5d1fd5-573e-4fa0-b932-c2f0989cacda,cherbourg.mba,available,17.99,39.99,medium,low,9,namesilo,,,30/09/2026 09:08
390ef952-2595-41f0-804d-32f59e01b28a,puff.mba,available,11.98,49.98,high,low,4,namecheap,,,09/09/2026 05:34
a4cadee5-af2f-4e5e-8c20-e47b3bceadee,untangled.mba,available,11.98,49.98,medium,low,9,namecheap,,,12/09/2026 20:57
94165b3a-7c48-4cbd-99f0-417d4959d231,sliced.mba,available,17.99,39.99,high,low,6,namesilo,,,23/09/2026 14:26
1c7c485d-b415-4f0e-ae28-03eb9541e72c,avahi.mba,available,11.98,49.98,medium,low,5,namecheap,,,21/09/2026 08:36
bf478473-75cd-483e-831f-cb71110ae53e,static.mba,available,11.98,49.98,high,low,6,namecheap,,,16/08/2026 02:42
d8ef6c80-e44f-4bb2-94e6-c5f371ff4004,sketchy.mba,available,11.98,49.98,high,low,7,namecheap,,,10/09/2026 09:18
7db77874-ae2b-4f56-b4ae-0bf71e7c6740,victorian.mba,available,11.98,49.98,high,low,9,namecheap,,,27/09/2026 05:38
9a32c74e-f78a-4f5e-9cb5-121b0419d46f,carotid.mba,available,11.98,49.98,high,low,7,namecheap,,,11/08/2026 19:33
f867d157-bfeb-4321-a0ea-f78d7e1a81cd,shrimp.mba,available,17.99,39.99,high,low,6,namesilo,,,29/09/2026 22:02
00f4ca50-eec4-4742-a6cf-89a9fcec838b,eighteen.mba,available,17.99,39.99,high,low,8,namesilo,,,21/09/2026 11:58
281377e8-5893-44bf-9732-2af59fce42ed,lint.mba,available,11.98,49.98,medium,low,4,namecheap,,,02/10/2026 15:59
a5a9078f-baf1-49eb-a229-d6ffed171a69,ozarks.mba,available,17.99,39.99,medium,low,6,namesilo,,,01/10/2026 03:12
516fcb58-a37d-43b7-8342-61770cbe9923,ossified.mba,available,11.98,49.98,medium,low,8,namecheap,,,18/08/2026 13:15
89d6727a-8e46-49f9-9b73-eb643c62b31e,hairdresser.mba,available,17.99,39.99,high,low,11,namesilo,,,01/10/2026 22:32
dfed5bb1-abae-4f47-b294-37875653b6f8,forcing.mba,available,10.88,32.21,medium,low,7,dynadot,,,28/09/2026 12:56
3144889b-9cc7-49fd-b3d6-bb111b2c3274,allegory.mba,available,17.99,39.99,high,low,8,namesilo,,,18/09/2026 10:41
17e47d70-c33b-4c2e-9120-ee423faf971d,infield.mba,available,11.98,49.98,high,low,7,namecheap,,,22/09/2026 10:07
2519060e-8a58-4c0f-b939-29c31347fa59,bjs.mba,available,11.98,49.98,medium,low,3,namecheap,,,23/09/2026 23:25
9ab0b57f-9537-4725-af07-78e0a27f2205,marseille.mba,available,10.81,31.41,high,low,9,porkbun,,,03/10/2026 01:34
41eafff8-278b-4aae-bd23-256c97afca54,firefighter.mba,available,17.99,39.99,high,low,11,namesilo,,,30/09/2026 23:57
c2ef4f1d-3109-449e-9347-2de3ca2c1771,fell.mba,available,11.98,49.98,medium,low,4,namecheap,,,08/08/2026 15:49
0407939c-5249-47a4-8d0c-397db63d9403,towers.mba,available,17.99,39.99,medium,low,6,namesilo,,,28/09/2026 08:26
deb8099e-9f94-43f2-8e1c-f7be46e94727,perpendicular.mba,available,17,,medium,low,13,unstoppable,,,03/10/2026 02:36
8d1f575e-2ac2-4a0d-8dda-5e085bdaf396,reserved.mba,available,11.98,49.98,high,low,8,namecheap,,,09/09/2026 14:50
90026921-0067-41d8-a43a-a0f6fe93b3d0,abyssal.mba,available,11.98,49.98,medium,low,7,namecheap,,,
65b2e2a0-e655-4a7a-bb28-5ee4a677aaf2,calculates.mba,available,17.99,39.99,medium,low,10,namesilo,,,21/09/2026 10:23
1447ff4d-aeae-4ed4-92ce-ca4c7c798d69,defined.mba,available,19.99,50.99,high,low,7,name.com,,,24/09/2026 05:04
92dff556-bf79-4871-ac7c-717aece0aad5,downer.mba,available,11.98,49.98,medium,low,6,namecheap,,,14/08/2026 02:41
f1b67846-47ef-4b00-a386-92a0f7790619,sucks.mba,available,17.99,39.99,medium,low,5,namesilo,,,18/09/2026 11:29
71e72e64-0d8f-49c0-a4f3-542b69760e93,shred.mba,available,17,,high,low,5,unstoppable,,,01/10/2026 02:41
4a9f2839-915c-4ffd-b90f-4839af30133a,leagues.mba,available,17.99,39.99,medium,low,7,namesilo,,,29/09/2026 11:01
6562b364-e8f3-4e2b-af4c-9adcf1cbd7f7,devils.mba,available,17.99,39.99,low,low,6,namesilo,,,28/09/2026 08:49
5be27e27-466c-4d1f-a508-97fe55d1da9e,tuskegee.mba,available,10.55,31.25,high,low,8,spaceship,,,28/09/2026 15:29
2d39aeef-331b-40ef-be18-292935381fa9,antagonist.mba,available,17.99,39.99,high,low,10,namesilo,,,17/09/2026 10:48
fa1c652c-bb42-438a-9cd1-9c85fdc131c1,biddable.mba,available,11.98,49.98,high,low,8,namecheap,,,
3fdfa9df-8904-45d0-aa41-314855368685,holme.mba,available,17.99,39.99,medium,low,5,namesilo,,,02/10/2026 07:11
2cb1237b-ab45-41e4-87cd-d29bb92642d5,gizmo.mba,available,17.99,39.99,high,low,5,namesilo,,,19/09/2026 21:49
663d83ea-34a3-471a-9ab2-8c69aa446932,architrave.mba,available,17.99,39.99,medium,low,10,namesilo,,,20/09/2026 02:17
7c8f908a-d27f-4da2-a2cc-91e9ae1a1ac2,designed.mba,available,17.99,39.99,high,low,8,namesilo,,,24/09/2026 06:34
8377b511-dba3-4dfc-b49d-b583ea6f775c,nomothetic.mba,available,11.98,49.98,medium,low,10,namecheap,,,03/09/2026 18:22
c318f390-7434-4f47-801f-0125b6fa2b43,christology.mba,available,10.55,31.25,high,low,11,spaceship,,,02/10/2026 21:35
75e1db04-0b71-4f2d-8c5a-091413837ac0,noting.mba,available,17.99,39.99,medium,low,6,namesilo,,,03/10/2026 03:04
421cb62d-ed64-49ae-838f-7c191c742977,peanuts.mba,available,17,,high,low,7,unstoppable,,,28/09/2026 02:53
2c246a7f-bbdb-4fb4-982c-d5fe6971b540,terminus.mba,available,11.98,49.98,high,low,8,namecheap,,,11/09/2026 11:48
04cb38d7-d6fa-4a0c-a44d-3c78303b354a,satire.mba,available,17.99,39.99,high,low,6,namesilo,,,24/09/2026 13:17
8fba976e-f4fc-466d-bff8-6baa058799df,brunswick.mba,available,30.2,30.2,high,low,9,cloudflare,,,02/10/2026 23:40
6547d8cb-5c73-47e0-ad8d-3d9844c52525,wandering.mba,available,11.98,49.98,high,low,9,namecheap,,,25/09/2026 21:06
d3d43d53-3c8c-488a-a3e0-4496e34ff86d,proportion.mba,available,30.2,30.2,high,low,10,cloudflare,,,30/09/2026 07:43
f4eb1fb0-ed08-4fee-82ed-2542bc7a1632,robbery.mba,available,17.99,39.99,medium,low,7,namesilo,,,25/09/2026 09:07
e926e61a-0b72-4940-b3cd-5ad002c74c4f,script.mba,available,11.98,49.98,high,low,6,namecheap,,,08/09/2026 13:57
f0e0f6b7-05c1-4b53-9dcf-ff947d8b600f,drapes.mba,available,11.98,49.98,high,low,6,namecheap,,,17/09/2026 07:49
23e53c1f-5c83-44a7-b5d3-268786191540,calamity.mba,available,17,,medium,low,8,unstoppable,,,30/09/2026 16:33
3129f8bc-2d97-4325-881f-df688daa0fe9,arpent.mba,available,17.99,39.99,medium,low,6,namesilo,,,20/09/2026 08:38
84a205d5-94b3-4ce7-948d-8a4345e291ec,touchy.mba,available,11.98,49.98,medium,low,6,namecheap,,,21/08/2026 14:42
79eb30ec-0dfe-49b7-9015-645196e5d436,backbiter.mba,available,11.98,49.98,medium,low,9,namecheap,,,21/09/2026 15:08
188f2936-8cea-46da-9bfd-1c3951e9b22c,patriotism.mba,available,17,,high,low,10,unstoppable,,,30/09/2026 05:24
2d60face-26f1-40db-9611-7d2eedbf27c2,appalling.mba,available,11.98,49.98,medium,low,9,namecheap,,,06/08/2026 04:31
d436c205-f8a9-4caa-b30a-621ab909acff,riddles.mba,available,10.55,31.25,high,low,7,spaceship,,,02/10/2026 19:06
c2348703-1fe0-4e7a-88f6-fd04a741bec1,nineties.mba,available,17.99,39.99,medium,low,8,namesilo,,,16/09/2026 12:01
6483262f-6b89-4186-bea2-cedd4a4bd35e,bendable.mba,available,11.98,49.98,medium,low,8,namecheap,,,09/08/2026 14:07
0d993029-b0bd-407a-9bab-325997f193df,jillian.mba,available,17,,high,low,7,unstoppable,,,02/10/2026 09:14
5aaa893b-f6e6-4135-99d9-379920a2d204,familiar.mba,available,11.98,49.98,high,low,8,namecheap,,,24/09/2026 16:30
530d7075-ff4b-4c94-848f-911f99cd83ba,kitten.mba,available,30.2,30.2,high,low,6,cloudflare,,,29/09/2026 07:25
cbd08cd8-1a18-4d1b-a6de-d49768142fb1,waterhouse.mba,available,30.2,30.2,medium,low,10,cloudflare,,,28/09/2026 21:43
9bd0beb0-ccd1-4492-a6ea-8beda31aa593,posing.mba,available,11.98,49.98,high,low,6,namecheap,,,10/09/2026 08:59
40fd5fa2-fb17-4543-837b-31a08b212018,backbench.mba,available,17.99,39.99,medium,low,9,namesilo,,,21/09/2026 15:00
9bf22c23-4c4a-4c21-8fbc-6ff37c6f4fdf,interception.mba,available,17,,high,low,12,unstoppable,,,01/10/2026 13:24
18e431ba-e66d-4caa-8823-8369692a57aa,peroxide.mba,available,17.99,39.99,high,low,8,namesilo,,,01/10/2026 02:39
9e0b134c-58a7-4b43-8096-0dbd632cca31,dinesen.mba,available,17.99,39.99,medium,low,7,namesilo,,,22/09/2026 07:24
d814c9b8-4963-4561-b4ce-dc2c027bf1cd,slacks.mba,available,30.2,30.2,high,low,6,cloudflare,,,03/10/2026 02:08
85e72c2c-96d0-4ead-9094-7a1439e52058,associates.mba,available,17.99,39.99,medium,low,10,namesilo,,,28/09/2026 08:50
69431d01-5271-404c-814a-e477d14d6b02,lovingly.mba,available,11.98,49.98,high,low,8,namecheap,,,14/09/2026 19:14
3c3aa2dc-3628-49ee-b2d2-15c1adda0e91,waldemar.mba,available,17.99,39.99,medium,low,8,namesilo,,,02/10/2026 00:21
7d7c962f-85ff-4d80-a64a-176800494dae,daydreams.mba,available,11.98,49.98,medium,low,9,namecheap,,,19/09/2026 21:17
d8ee81ff-17e0-4135-a7a3-a27c2af94c65,ascendent.mba,available,11.98,49.98,medium,low,9,namecheap,,,
fbd34f23-5967-402a-aa23-d66899c2afa5,clandestine.mba,available,17,,medium,low,11,unstoppable,,,02/10/2026 17:35
de86c640-85b7-40fa-bdb1-caa4e08ed67a,berserker.mba,available,11.98,49.98,medium,low,9,namecheap,,,09/08/2026 15:17
7f4d1883-a3ff-4885-811e-b1178e05feda,voyages.mba,available,17,,medium,low,7,unstoppable,,,02/10/2026 22:34
de51bd8c-532e-4bd0-baab-2c9ca07bc62f,jimenez.mba,available,10.55,31.25,high,low,7,spaceship,,,30/09/2026 02:04
013b63a4-a8cd-4ea5-8eb3-d6f889c38d9f,digest.mba,available,17.99,39.99,high,low,6,namesilo,,,24/09/2026 10:44
ff1f17b0-9e5f-4a34-bd30-22560e67c6b1,dysphoric.mba,available,11.98,49.98,medium,low,9,namecheap,,,14/08/2026 22:07
86f63eba-35bc-4383-b973-dc3ba33e68de,imminent.mba,available,11.98,49.98,high,low,8,namecheap,,,21/08/2026 20:55
86d734f1-2813-4ac8-ace9-19739197dd38,concepcion.mba,available,17.99,39.99,high,low,10,namesilo,,,02/10/2026 04:26
b419136d-f2d3-4fdc-95cc-1f63ef592fdf,rates.mba,available,11.98,49.98,high,low,5,namecheap,,,28/09/2026 10:47
0948e4e1-933c-4d70-ace4-368390fb826f,borg.mba,available,17.99,39.99,high,medium,4,namesilo,,,01/10/2026 22:33
9af8bd9a-2937-45dc-9a22-7ecd2e88506b,myotonic.mba,available,11.98,49.98,medium,low,8,namecheap,,,03/09/2026 12:15
2a1e7f3c-7923-4168-a715-86bfc952cead,dfa.mba,available,30.2,30.2,high,low,3,cloudflare,,,03/10/2026 02:42
395f7b50-c99d-4e50-823c-5a3c92138495,bloodshot.mba,available,11.98,49.98,medium,low,9,namecheap,,,10/08/2026 15:21
f75302c3-785e-4801-89a2-d6fcb9e0e2ef,acronymous.mba,available,11.98,49.98,medium,low,10,namecheap,,,
874ca996-500a-4e68-902c-3800cf7a9005,theological.mba,available,17.99,39.99,high,low,11,namesilo,,,01/10/2026 13:13
3046edf7-17a4-47e8-ac54-d821939677be,bel.mba,available,17.99,39.99,high,low,3,namesilo,,,23/09/2026 04:21
f1088e9b-7293-423f-9ec8-750612b3647d,shrubs.mba,available,10.88,32.21,medium,low,6,dynadot,,,30/09/2026 22:40
6eb10a32-bcfc-4add-84e4-269f1fd421f0,fetal.mba,available,11.98,49.98,medium,low,5,namecheap,,,18/08/2026 02:16
da9cde47-5bd9-4ee4-b16e-c4ec617317a0,scarf.mba,available,30.2,30.2,high,low,5,cloudflare,,,28/09/2026 20:23
8d55776a-c8de-4186-96ee-6aa54d68389c,constants.mba,available,17.99,39.99,medium,low,9,namesilo,,,21/09/2026 01:13
3d8a42bc-b9c3-4b76-900a-fc56054429bb,goldilocks.mba,available,17.99,39.99,high,low,10,namesilo,,,20/09/2026 17:03
ea1c6306-e501-4deb-95e3-37d9f8b66301,clogged.mba,available,11.98,49.98,medium,low,7,namecheap,,,12/08/2026 06:41
60615599-cd45-4a32-9a13-1cdd96c13be1,cathay.mba,available,17.99,39.99,medium,low,6,namesilo,,,02/10/2026 14:36
7011e142-f269-47bd-bbd2-e457c1488489,native.mba,available,11.98,49.98,high,low,6,namecheap,,,03/09/2026 13:45
c4b01e65-f070-447c-8503-db3c57b701d0,coyotes.mba,available,10.55,31.25,medium,low,7,spaceship,,,30/09/2026 07:28
cc87827f-a7f3-42ac-be5f-59f747717944,pardoned.mba,available,17,,high,low,8,unstoppable,,,02/10/2026 07:27
7a3c73fe-a1f0-4c71-a484-0f70a792e688,ballarat.mba,available,10.88,32.21,medium,low,8,dynadot,,,02/10/2026 10:28
1f36a170-574d-472c-95c2-2b8013f0432f,rick.mba,available,10.88,32.21,high,low,4,dynadot,,,30/09/2026 01:11
1dda97a1-12aa-4a8e-84a0-8a29018b29c7,simpleness.mba,available,11.98,49.98,medium,low,10,namecheap,,,24/09/2026 13:51
41fe53ee-25bf-4fd0-8029-18079cd8b690,calorific.mba,available,11.98,49.98,medium,low,9,namecheap,,,11/08/2026 15:12
5a19f3e9-dcfb-4f7e-bad0-46c3b1e8cfc0,lavish.mba,available,11.98,49.98,high,low,6,namecheap,,,22/08/2026 21:07
2667a8ab-8015-425f-b6f3-d0b4a159e50b,extortion.mba,available,10.55,31.25,medium,low,9,spaceship,,,29/09/2026 12:13
3408f138-c539-46f5-b138-785675a6258c,stare.mba,available,17.99,39.99,high,low,5,namesilo,,,28/09/2026 09:52
c55c8200-9baa-4df5-a2f9-390f993081e2,housebound.mba,available,11.98,49.98,medium,low,10,namecheap,,,21/08/2026 10:56
8a13261d-794d-47ba-8175-007a073ba87b,nah.mba,available,17.99,39.99,high,low,3,namesilo,,,30/09/2026 11:32
0e5ff213-640c-4e43-8c8b-565aa64a2dc5,hair.mba,available,11.98,49.98,high,low,4,namecheap,,,29/09/2026 20:14
f275dc45-3313-4d77-95dd-d4ded968a01d,beads.mba,available,11.98,49.98,high,low,5,namecheap,,,29/09/2026 01:39
48d5b09b-d527-4a23-be5f-e85eda50c9e9,group.mba,resell,,,high,low,5,"DNSPod, Inc.",01/01/2021 12:01,01/01/2027 12:01,27/09/2026 09:25
dad8164b-7a8d-4a19-80af-f66270fc4fc2,plebeian.mba,available,11.98,49.98,medium,low,8,namecheap,,,08/09/2026 21:00
0b91b5a2-b11b-49b8-8010-b338cb09536d,illusive.mba,available,11.98,49.98,medium,low,8,namecheap,,,21/08/2026 20:13
e6f6c564-c9fd-4e9d-a801-240f3b0d6e64,imperious.mba,available,11.98,49.98,medium,low,9,namecheap,,,21/08/2026 01:26
ffd5d6da-0f52-4cf4-a7fa-16bb5015eb0e,fitter.mba,available,11.98,49.98,medium,low,6,namecheap,,,18/08/2026 05:48
c11cc4cf-7041-48fa-bddb-248f28240fc9,excited.mba,available,17.99,39.99,high,low,7,namesilo,,,24/09/2026 15:55
8f383688-dcfd-4203-bf6c-9a38af32b39f,miscellaneous.mba,available,11.98,49.98,medium,low,13,namecheap,,,30/09/2026 12:33
79d3a725-87ef-45e8-9387-9b51f3921320,ain.mba,available,11.98,49.98,high,low,3,namecheap,,,
867511f3-3312-4a18-9acd-332cf95f071f,amounts.mba,available,10.81,31.41,low,low,7,porkbun,,,28/09/2026 18:09
faf3cb87-d062-4028-9769-a3c83efc0d20,pallor.mba,available,17.99,39.99,medium,low,6,namesilo,,,17/09/2026 01:07
fd12b07b-167d-4a45-b9b0-9f1a83560737,sprinkle.mba,available,11.98,49.98,high,low,8,namecheap,,,15/09/2026 20:15
6ff993ba-160a-4002-8e81-4689488c4b4e,earthworks.mba,available,17,,medium,low,10,unstoppable,,,29/09/2026 17:50
852c2d77-49a3-407c-9b8d-e7e2d6fc348c,forms.mba,available,17.99,39.99,high,low,5,namesilo,,,17/09/2026 09:39
0c43c968-eb5e-4835-8995-049f98def0f1,shorten.mba,available,10.55,31.25,high,low,7,spaceship,,,30/09/2026 19:09
a1744202-7fb9-494b-9b2b-4060e23ef540,dependent.mba,available,11.98,49.98,high,low,9,namecheap,,,14/08/2026 02:06
1062c4e9-198d-4ab3-b93e-0514052188ec,medway.mba,available,30.2,30.2,medium,low,6,cloudflare,,,30/09/2026 21:37
de25d15a-d09f-4d44-8954-e6504fb50a11,lip.mba,available,10.55,31.25,high,low,3,spaceship,,,29/09/2026 00:19
ed08d1c8-9c95-45ac-954e-f340e23a4ddf,farrell.mba,available,17.99,39.99,medium,low,7,namesilo,,,25/09/2026 05:20
f1100a4b-9b46-461a-a374-5143910829b6,waterfall.mba,available,17,,high,low,9,unstoppable,,,28/09/2026 20:46
c104852f-36cd-4379-bf7e-624ff0d64fca,windsor.mba,available,17,,high,low,7,unstoppable,,,29/09/2026 23:04
d51c0938-78dd-410e-8a76-1af9bd325d50,centroidal.mba,available,11.98,49.98,medium,low,10,namecheap,,,12/08/2026 00:18
9e02911f-5f4e-4091-afa7-d06da5942057,diaries.mba,available,17,,medium,low,7,unstoppable,,,30/09/2026 16:07
bd17bc8d-a2e4-4be3-9da1-c890030bf38a,virulent.mba,available,11.98,49.98,medium,low,8,namecheap,,,
9960db14-e348-4546-afdb-244349546c1a,listen.mba,available,17.99,39.99,high,low,6,namesilo,,,29/09/2026 22:36
19bdb790-d0cb-4cd8-8c49-c66ee5b821ca,astronomer.mba,available,11.98,49.98,high,low,10,namecheap,,,20/09/2026 18:04
0c633742-4d17-4823-a3b3-634616c50206,sealed.mba,available,10.81,31.41,high,low,6,porkbun,,,27/09/2026 18:59
e44eeb2d-669f-4f63-9051-5c0f91a5cd72,cases.mba,available,17.99,39.99,medium,low,5,namesilo,,,17/09/2026 16:31
ed205634-5fe3-45cd-b2b6-585633409968,sync.mba,available,10.88,32.21,high,medium,4,dynadot,,,29/09/2026 20:47
5e0bb13c-7bd3-45b1-9c7f-399d11c1b6fe,sundress.mba,available,10.55,31.25,high,low,8,spaceship,,,30/09/2026 12:21
f9ff3c5b-7712-41dd-9041-6ceb9eedea28,aspinwall.mba,available,17.99,39.99,medium,low,9,namesilo,,,20/09/2026 15:18
cc04a9a2-6583-4f3d-989f-a8be709738d7,sage.mba,available,17.99,39.99,high,medium,4,namesilo,,,19/09/2026 15:42
ab2f7fd5-5fe1-488b-b5ba-f86a3aaa6478,airdrome.mba,available,17.99,39.99,medium,low,8,namesilo,,,17/09/2026 12:57
49bc5107-4c84-40ae-be59-16e28d4bb149,attraction.mba,available,17,,high,low,10,unstoppable,,,28/09/2026 23:11
959400a0-2f5e-45d0-aa73-23a12c4aa854,jolson.mba,available,17.99,39.99,medium,low,6,namesilo,,,18/09/2026 01:21
a3c05246-36c1-4632-9909-89d1b4e0e076,ilx.mba,available,11.98,49.98,medium,low,3,namecheap,,,
46c145be-8e7b-4c11-8f36-52e9ae7e5082,occupier.mba,available,11.98,49.98,high,low,8,namecheap,,,09/09/2026 14:58
f9047eaf-a1d2-4c6e-9111-39515252c0e9,blackguard.mba,available,17.99,39.99,medium,low,10,namesilo,,,24/09/2026 02:20
aac2baae-f176-409a-8397-de2518cada42,godwin.mba,available,17.99,39.99,high,low,6,namesilo,,,28/09/2026 11:40
ee772512-96ac-49ad-b3f6-6057916a8301,orbiting.mba,available,10.55,31.25,high,low,8,spaceship,,,02/10/2026 22:05
8725662d-6466-4257-86bb-95a7a780f8ba,jump.mba,available,17.99,39.99,high,low,4,namesilo,,,22/09/2026 02:34
f6a90b89-6409-4aef-a4ce-2ee4f4cc95f0,mirage.mba,available,30.2,30.2,high,low,6,cloudflare,,,29/09/2026 13:27
bd82fc8c-6a09-4fdc-8904-d98e60368695,dads.mba,available,17.99,39.99,medium,low,4,namesilo,,,20/09/2026 10:27
3501bd1c-b5bb-46e2-8a32-e63454ec7ad1,bony.mba,available,11.98,49.98,medium,low,4,namecheap,,,10/08/2026 18:42
ba378464-b242-4928-b105-a950ee532012,climbable.mba,available,11.98,49.98,medium,low,9,namecheap,,,07/08/2026 00:10
49c69dad-130f-4d28-a19f-489e191e704b,cumulative.mba,available,11.98,49.98,high,low,10,namecheap,,,
4773eb96-f22c-4437-8000-baf07afbbf65,ucla.mba,available,17.99,39.99,high,low,4,namesilo,,,25/09/2026 15:03
0e56baaf-75db-4021-a822-c232dbfb4205,undigested.mba,available,11.98,49.98,medium,low,10,namecheap,,,12/09/2026 08:01
ac772f7f-72c6-4637-b4bc-c9de6deb3ea4,nicholls.mba,available,30.2,30.2,medium,low,8,cloudflare,,,28/09/2026 16:37
e7f460a2-0beb-4d8f-a975-11afbe8d2f6f,downstream.mba,available,11.98,49.98,high,low,10,namecheap,,,14/08/2026 17:59
6972a775-1bf7-4d04-9284-3d3b3b7f5d52,briefly.mba,available,30.2,30.2,high,low,7,cloudflare,,,28/09/2026 13:31
3b9a8f6f-e4b9-44d7-afde-5a84d3fbbb14,crosstown.mba,available,11.98,49.98,medium,low,9,namecheap,,,13/08/2026 08:13
a5153647-7427-455a-b6f3-9159aee6eef5,mormon.mba,available,11.98,49.98,high,low,6,namecheap,,,25/08/2026 06:33
f3b22c34-5e66-412c-8436-66a3b3ef17b9,vicennial.mba,available,11.98,49.98,medium,low,9,namecheap,,,13/09/2026 05:23
e60695c2-64d3-4d98-bfe7-99ac439ec6f3,stupid.mba,available,19.99,59.99,high,low,6,godaddy,,,28/09/2026 01:43
1b34a6c3-3394-4a73-8098-9b28df6122d7,motown.mba,available,10.55,31.25,high,low,6,spaceship,,,29/09/2026 06:38
dd22ae9f-e19b-429b-81b3-6907fac2d8f4,hardships.mba,available,10.55,31.25,low,low,9,spaceship,,,02/10/2026 03:06
6e32ae96-d041-4f6d-945f-26826e4360a4,nath.mba,available,10.88,32.21,medium,low,4,dynadot,,,29/09/2026 15:40
e49864c7-8cf8-4ad8-b392-ff67ae5a2a21,listing.mba,available,30.2,30.2,high,low,7,cloudflare,,,29/09/2026 01:23
209ad2d9-4032-4cc9-bcf9-21d33afba288,southgate.mba,available,10.55,31.25,medium,low,9,spaceship,,,01/10/2026 11:23
a8c3ff84-5f09-48f6-b0e2-5d11c5dc91b4,fixedly.mba,available,11.98,49.98,medium,low,7,namecheap,,,14/09/2026 18:44
1f17455a-d28c-413a-9fe8-c441964ac052,canary.mba,available,11.98,49.98,high,low,6,namecheap,,,11/08/2026 16:10
4e5f8a1c-ed4f-40cc-a5ad-e44e263bd3a7,eristic.mba,available,11.98,49.98,medium,low,7,namecheap,,,17/08/2026 12:17
cf7be9cc-8849-4535-96f3-ef5da5fa8093,bushwhack.mba,available,11.98,49.98,medium,low,9,namecheap,,,18/09/2026 17:32
d3cf4b87-1137-4c57-b938-6b6cc271fe4e,stub.mba,available,17.99,39.99,high,low,4,namesilo,,,24/09/2026 13:57
713bc97d-f357-4bdc-a9c6-5b466064a140,frances.mba,available,10.88,32.21,medium,low,7,dynadot,,,28/09/2026 11:53
737d9398-5cf2-42fb-a5e0-70196091454e,delusion.mba,available,17.99,39.99,high,low,8,namesilo,,,24/09/2026 21:45
d6a469ed-ca44-4e1b-b123-bbe114c505a0,bernadette.mba,available,11.98,49.98,medium,low,10,namecheap,,,30/09/2026 05:01
28e851e4-8bbb-47aa-a169-4f84923709a8,nicola.mba,available,17,,high,low,6,unstoppable,,,28/09/2026 07:47
01d75703-ac8f-444b-a0e2-b0acb0985480,factitious.mba,available,11.98,49.98,medium,low,10,namecheap,,,17/08/2026 20:27
abd0b6f2-330c-4675-bfc1-625a3ef8fbe7,englishman.mba,available,17,,high,low,10,unstoppable,,,29/09/2026 12:12
74ebd056-4f10-4eab-92d5-889196cdc2a9,journalistic.mba,available,10.55,31.25,medium,low,12,spaceship,,,02/10/2026 02:11
012ea02f-7779-48a5-a75b-cdfdfd141d33,fluency.mba,available,17.99,39.99,high,low,7,namesilo,,,20/09/2026 11:19
30cac7c1-b737-4109-933b-4695c335a33a,rockford.mba,available,10.55,31.25,high,low,8,spaceship,,,27/09/2026 15:41
64c618e1-0f26-457b-ba8e-579cb8d5afca,reflects.mba,available,17.99,39.99,medium,low,8,namesilo,,,17/09/2026 15:27
dcabc295-39a1-4f3c-b5cd-4ed0c472df8e,angled.mba,available,11.98,49.98,medium,low,6,namecheap,,,
da761be1-785f-407c-bf51-23b5098abdd1,biodiesel.mba,available,10.55,31.25,high,low,9,spaceship,,,02/10/2026 11:17
c58a2309-b061-41af-9984-4b47bdbd1970,aqua.mba,available,17.99,39.99,high,medium,4,namesilo,,,19/09/2026 22:48
c77e4cf6-1d97-476a-a760-dcca15a1d51f,arcturus.mba,available,17.99,39.99,medium,low,8,namesilo,,,20/09/2026 03:01
1191836b-033c-4c5b-aaf1-3acbd987e3b7,lice.mba,available,11.98,49.98,low,low,4,namecheap,,,29/09/2026 23:05
14a0fb8f-c7d9-4d6e-acbb-fa5006a86712,brimming.mba,available,11.98,49.98,medium,low,8,namecheap,,,11/08/2026 04:12
ad509e5b-e43a-4bfb-a52e-e99aaf819636,algerie.mba,available,11.98,49.98,high,low,7,namecheap,,,18/09/2026 06:58
0226772d-9850-43ee-ac44-253783e07fc4,meningitis.mba,available,17,,medium,low,10,unstoppable,,,02/10/2026 16:05
0c2055e4-98bb-49f8-84ed-c93cd3c2e257,exceptional.mba,available,17.99,39.99,high,low,11,namesilo,,,28/09/2026 11:15
ca6f9c55-22c6-40f4-a38a-02c3495dc9f1,quota.mba,available,10.55,31.25,high,low,5,spaceship,,,29/09/2026 07:55
0f6625f1-6153-4050-a590-2996a1769c7e,neat.mba,available,17.99,39.99,high,low,4,namesilo,,,22/09/2026 16:59
0cde18db-1ff1-4cbf-9bd9-f1a16c8bc6fe,fetched.mba,available,10.55,31.25,medium,low,7,spaceship,,,02/10/2026 12:52
44f5f1a6-63a6-40b4-92f6-cfea83a9ea49,consonant.mba,available,11.98,49.98,high,low,9,namecheap,,,12/08/2026 20:14
86434f15-522c-42cd-a480-4dce7c0dd7c4,hani.mba,available,17.99,39.99,high,low,4,namesilo,,,17/09/2026 23:54
eedbf9e9-0b8c-4e8b-847d-418be1ef9916,responded.mba,available,11.98,49.98,medium,low,9,namecheap,,,18/09/2026 18:02
3d217311-bcd1-4361-b526-0b728114cf4d,bentwood.mba,available,17.99,39.99,medium,low,8,namesilo,,,23/09/2026 08:47
5297c238-495c-4e8f-bce8-49a13d3cca13,terrene.mba,available,11.98,49.98,medium,low,7,namecheap,,,11/09/2026 10:41
b69cb979-8e68-44da-824d-805c056c8081,bandsaw.mba,available,17.99,39.99,high,low,7,namesilo,,,22/09/2026 00:49
d45e5ee8-b7c7-495e-ac55-d292462d37d8,cauldron.mba,available,17.99,39.99,high,low,8,namesilo,,,02/10/2026 14:31
7fc3aaf2-0660-4533-bdc6-8c24cef270e5,oks.mba,available,17.99,39.99,medium,low,3,namesilo,,,21/09/2026 06:13
92e6369c-184e-4149-8aa0-76c8f55981a5,unopened.mba,available,11.98,49.98,medium,low,8,namecheap,,,12/09/2026 16:14
efa8e17e-0cda-40ac-9646-9aa57d418cf3,untamed.mba,available,11.98,49.98,medium,low,7,namecheap,,,12/09/2026 20:55
6c74646c-3576-4bd9-a888-f5a1331d9797,aniline.mba,available,17.99,39.99,medium,low,7,namesilo,,,18/09/2026 21:45
cf088eec-cd1d-44ba-a446-cc121182e75a,hairy.mba,available,11.98,49.98,high,low,5,namecheap,,,24/09/2026 23:10
78c4d687-74c0-4480-a4bf-4da99555a01d,polaroid.mba,available,30.2,30.2,high,low,8,cloudflare,,,03/10/2026 01:48
fdec46d5-35b2-415f-aff6-39ce36b72c75,placed.mba,available,17.99,39.99,high,low,6,namesilo,,,25/09/2026 14:13
819f3108-53a1-4efd-97d5-01510ec3e707,coupled.mba,available,11.98,49.98,high,low,7,namecheap,,,12/08/2026 22:15
9138dbf2-24c8-463f-bdfa-7dec415bfed3,foamy.mba,available,11.98,49.98,high,low,5,namecheap,,,11/08/2026 07:20
f92c5d85-e0ff-49cc-ab7a-231f1e74591e,frenzy.mba,available,11.98,49.98,high,low,6,namecheap,,,24/09/2026 21:40
575f5096-6e7f-4741-84ee-c7392c00d3c5,texan.mba,available,11.98,49.98,high,low,5,namecheap,,,11/09/2026 12:15
c4bcc4a8-ea08-4662-91bf-315d57e626f6,bankruptcy.mba,available,11.98,49.98,high,low,10,namecheap,,,22/09/2026 02:50
71966b5e-0895-4e3e-b219-d1f615486540,eisenhower.mba,available,10.55,31.25,high,low,10,spaceship,,,28/09/2026 19:01
0deefc98-ee74-48e0-8231-ee06fd5cf3dc,doubting.mba,available,11.98,49.98,medium,low,8,namecheap,,,14/08/2026 17:01
3f9f81df-d04c-4783-933c-9653add6756b,fervent.mba,available,11.98,49.98,high,low,7,namecheap,,,06/08/2026 16:14
dbd6b614-14d4-44af-a46a-4cca1319b938,handbasket.mba,available,17.99,39.99,medium,low,10,namesilo,,,22/09/2026 11:03
7ba224fa-6d19-4d21-8aa7-a5e76453f404,acropora.mba,available,17.99,39.99,medium,low,8,namesilo,,,17/09/2026 03:57
afb4a450-2849-45b7-8422-0ad8b080c52e,legend.mba,available,30.2,30.2,high,low,6,cloudflare,,,30/09/2026 02:45
105c3ad6-63f7-4d64-a9cc-b836b08d55b4,wheaton.mba,available,17.99,39.99,high,low,7,namesilo,,,28/09/2026 07:32
dfa75896-39d6-4193-a566-5c824e0b4bff,helen.mba,available,17.99,39.99,high,low,5,namesilo,,,25/09/2026 07:10
56c69c89-e86e-4e0d-8dae-8826b291b77e,producer.mba,available,17.99,39.99,high,low,8,namesilo,,,25/09/2026 10:38
c67e1cae-c991-4e16-aa2a-b649ec765d62,lucius.mba,available,17.99,39.99,high,low,6,namesilo,,,25/09/2026 15:11
d68d0937-7c1c-468f-9be2-0b85354f60df,pepper.mba,available,17.99,39.99,high,low,6,namesilo,,,24/09/2026 01:22
5a0802dd-e6c8-47d5-a2c4-8305a24f6c05,checkup.mba,available,11.98,49.98,high,low,7,namecheap,,,24/08/2026 18:57
95fa7987-a076-46d2-988f-4ea1e5a85d7b,retaliation.mba,available,17.99,39.99,medium,low,11,namesilo,,,29/09/2026 23:02
6855230f-2db7-4879-89dd-70909ea15ff4,pathogenic.mba,available,11.98,49.98,medium,low,10,namecheap,,,22/08/2026 04:17
952a3ffe-d3a0-4b68-9129-3bd33f0956c1,cappuccino.mba,available,11.98,49.98,high,low,10,namecheap,,,29/09/2026 07:24
14e054d4-9eed-4ca5-a2c6-5e20bdd893e6,arouse.mba,available,11.98,49.98,high,low,6,namecheap,,,07/08/2026 23:59
de6e294d-e55e-440a-87e8-e8e8661b2376,accomplished.mba,available,17,,high,low,12,unstoppable,,,30/09/2026 21:49
5bb3d4ab-3efe-4142-9bf0-cc59ecaf8174,clicking.mba,available,17,,high,low,8,unstoppable,,,01/10/2026 23:14
f173e1b0-e4b8-4733-8977-7e553b72da57,unequal.mba,available,11.98,49.98,medium,low,7,namecheap,,,22/08/2026 00:15
32aa7d33-21d4-48dd-99cd-768d4f81a882,intersect.mba,available,17,,high,low,9,unstoppable,,,02/10/2026 06:45
8a685c30-65a1-4444-a656-d32ca05ad300,bewildered.mba,available,11.98,49.98,medium,low,10,namecheap,,,07/08/2026 11:52
2e2a6042-e3d2-4333-9f17-a2bbc3b8b21c,assisted.mba,available,30.2,30.2,high,low,8,cloudflare,,,03/10/2026 02:34
8b797fcb-c41c-4e64-9a21-f11a0b32ad45,cowboy.mba,available,17.99,39.99,high,low,6,namesilo,,,29/09/2026 11:56
f54aca51-b27b-40b0-8f15-a644ad410368,salacity.mba,available,17.99,39.99,medium,low,8,namesilo,,,22/09/2026 16:54
ce98c149-1557-4349-8c67-9710da1e35c8,belatedly.mba,available,11.98,49.98,medium,low,9,namecheap,,,22/08/2026 20:25
6b2a4ac8-d5b0-4f4b-93d1-f3e2a855c81b,address.mba,available,30.2,30.2,high,low,7,cloudflare,,,01/10/2026 16:50
8e948e5c-1689-4d82-900f-26841317880d,gerhardt.mba,available,30.2,30.2,medium,low,8,cloudflare,,,02/10/2026 23:07
df41d58c-3769-4dfc-a658-f7e3fc62cb52,sampling.mba,available,30.2,30.2,high,low,8,cloudflare,,,30/09/2026 02:46
4356f662-8056-45a6-9c37-1d9e15925662,newfound.mba,available,11.98,49.98,medium,low,9,namecheap,,,08/09/2026 04:48
0ea1106c-e17f-4c32-a081-d833c72c7cc5,histrionic.mba,available,11.98,49.98,medium,low,10,namecheap,,,21/08/2026 09:57
b8cf6968-02a1-4035-83ae-47546c88a305,thiamine.mba,available,17.99,39.99,medium,low,8,namesilo,,,19/09/2026 05:38
45ae7cb8-4c3a-4ca3-822c-ed2c15f58a8e,behaviours.mba,available,17.99,39.99,medium,low,10,namesilo,,,20/09/2026 22:06
4baaf979-e04c-4585-9bf5-c01e03ed8e31,loves.mba,available,11.98,49.98,high,low,5,namecheap,,,25/09/2026 18:55
72f6383b-97aa-481f-8e88-e029c74d3b5c,dumps.mba,available,10.55,31.25,high,low,5,spaceship,,,30/09/2026 09:26
eb7d7bba-815d-42ca-bb65-2d0cb4bc2ef7,dismal.mba,available,11.98,49.98,medium,low,6,namecheap,,,14/08/2026 11:38
a7af7ccc-af79-414a-b736-99dadd520966,heath.mba,available,17.99,39.99,high,low,5,namesilo,,,30/09/2026 17:33
78a2c1ae-ef05-4d22-8b2c-939d540662dd,hackneyed.mba,available,11.98,49.98,medium,low,9,namecheap,,,08/08/2026 10:56
c395e06a-f698-4f31-b2ce-71d0ab08b3c1,error.mba,available,19.99,50.99,high,low,5,name.com,,,24/09/2026 16:56
827c3841-5918-4a77-9bd1-04298faf3268,clever.mba,available,19.99,50.99,high,medium,6,name.com,,,23/09/2026 12:20
0031a9a4-fdc8-45e2-bd21-18c184d907b5,grumbler.mba,available,17.99,39.99,medium,low,8,namesilo,,,23/09/2026 06:49
d93abbde-198f-4ade-acae-892320fc577e,federated.mba,available,11.98,49.98,high,low,9,namecheap,,,18/08/2026 00:38
45247e96-49fa-4d8e-83f9-b78c6d9cf1ec,tolerant.mba,available,11.98,49.98,high,low,8,namecheap,,,22/08/2026 19:55
e6d6f40d-8f91-4ac8-8768-192881cf5087,settled.mba,available,11.98,49.98,high,low,7,namecheap,,,12/08/2026 17:27
7a5b0816-520a-4f06-aa1e-88053f4ce0e0,latter.mba,available,17.99,39.99,high,low,6,namesilo,,,25/09/2026 13:08
e7a5ee2d-0789-4894-aab3-74f4a6e7ab99,assess.mba,available,17,,high,low,6,unstoppable,,,30/09/2026 15:16
a44062ee-6cfc-49e9-8d15-4b7d04250fdc,aneroid.mba,available,11.98,49.98,medium,low,7,namecheap,,,
cd674f5a-bda2-46e1-80b5-1cd144c965b3,rosacea.mba,available,17.99,39.99,medium,low,7,namesilo,,,17/09/2026 01:59
ae2221a8-fcd5-43e8-8134-2d68f0aadf36,aar.mba,available,17.99,39.99,medium,low,3,namesilo,,,16/09/2026 13:19
dc4e0d1e-840e-4c44-a413-3c264ad049d3,hemic.mba,available,11.98,49.98,low,low,5,namecheap,,,20/08/2026 21:49
972fc313-5a01-48e7-9dc9-f3888b62b664,airframe.mba,available,17.99,39.99,high,low,8,namesilo,,,17/09/2026 23:10
92f1a416-89e4-4b49-87b6-7e325fc2e955,pave.mba,available,30.2,30.2,high,low,4,cloudflare,,,03/10/2026 01:45
ecbd16b7-65e6-49ea-aa51-0e89482b9caf,advocating.mba,available,10.55,31.25,medium,low,10,spaceship,,,02/10/2026 21:40
5158dfd7-b0e7-4427-9204-dcce8a839699,inhale.mba,available,11.98,49.98,high,low,6,namecheap,,,30/09/2026 16:29
60f880ac-c427-4db4-b4a3-78c8f5865a99,jiangsu.mba,available,10.81,31.41,high,low,7,porkbun,,,29/09/2026 09:39
0fdcf4a9-162b-45d4-8e0a-d346d408f467,tribunes.mba,available,17.99,39.99,medium,low,8,namesilo,,,02/10/2026 14:03
f85d61d5-29c4-424d-8901-4e549274d6fb,demonstrated.mba,available,17.99,39.99,medium,low,12,namesilo,,,17/09/2026 21:56
4648c0be-6138-4edf-be3e-ee7e98417661,picnic.mba,available,17.99,39.99,high,low,6,namesilo,,,24/09/2026 14:34
903cd0db-078b-4d72-8b6c-296a2fd429a5,disorders.mba,available,17.99,39.99,medium,low,9,namesilo,,,20/09/2026 00:40
f9e74b94-8997-4ddf-b9ee-f7bc9062b225,ase.mba,available,11.98,49.98,high,low,3,namecheap,,,02/10/2026 08:42
41b73150-f322-4278-bf83-61387ef97cdc,kingpin.mba,available,17.99,39.99,high,low,7,namesilo,,,23/09/2026 15:25
b7d60b57-58ca-4892-844c-ba5a1b45cfc9,turner.mba,available,11.98,49.98,high,low,6,namecheap,,,29/09/2026 00:58
2a2a5c22-f600-4a9d-8607-1d04373d853c,pamplona.mba,available,11.98,49.98,high,low,8,namecheap,,,02/10/2026 19:18
07502113-7936-4465-81a1-7ca9cfecd3e4,governmental.mba,available,10.55,31.25,high,low,12,spaceship,,,01/10/2026 22:31
ca7c405b-4872-48c5-bb6e-7490612174a2,requires.mba,available,17.99,39.99,medium,low,8,namesilo,,,18/09/2026 15:31
f7f8815f-e59c-4e6b-8e25-d28aceaabbc0,markedly.mba,available,11.98,49.98,medium,low,8,namecheap,,,15/09/2026 13:31
1a24ce22-49f0-4d4a-b123-49e8c4ac00d5,witty.mba,available,30.2,30.2,high,low,5,cloudflare,,,28/09/2026 10:42
af670dbb-a848-4a29-a319-386608ea7f69,abdominous.mba,available,11.98,49.98,medium,low,10,namecheap,,,
4ace322e-e893-4ceb-94d8-d60b79cbe41a,orad.mba,available,11.98,49.98,medium,low,4,namecheap,,,15/09/2026 18:09
e918fec9-73b1-4d8f-9fe7-a668a1018c4a,veiled.mba,available,11.98,49.98,medium,low,6,namecheap,,,13/09/2026 01:50
5c24ea31-36eb-4264-9ec4-5bc283216842,adapters.mba,available,17.99,39.99,medium,low,8,namesilo,,,01/10/2026 00:53
78a1e8af-74c3-4d28-aa9d-6d15c8e45b2f,coral.mba,available,17.99,39.99,high,low,5,namesilo,,,23/09/2026 23:19
ea56ff13-d433-4fde-9429-46e3c8fe4653,getable.mba,available,11.98,49.98,medium,low,7,namecheap,,,18/08/2026 23:04
08141bdb-5be2-470e-910e-8ed018d8e87e,spirits.mba,available,17.99,39.99,high,low,7,namesilo,,,29/09/2026 03:40
2a739faa-7488-4b4a-b35d-22b752a04a56,inuit.mba,available,17,,medium,low,5,unstoppable,,,28/09/2026 09:42
92f506d1-047f-49da-8e9c-55d887c0fb80,floats.mba,available,10.55,31.25,medium,low,6,spaceship,,,29/09/2026 23:46
21505c39-ad37-43fa-a2f3-62aab9f5f9c6,offsetting.mba,available,17.99,39.99,high,low,10,namesilo,,,30/09/2026 16:19
0dac7106-66e0-4c3c-9f89-bd02f217020b,choral.mba,available,11.98,49.98,high,low,6,namecheap,,,12/08/2026 07:03
6dd7f189-a4d8-410f-8012-44e8f19c96a4,bat.mba,available,11.98,49.98,high,low,3,namecheap,,,20/09/2026 18:59
026f9ad7-e938-4868-af79-e3b1ddcd8732,pita.mba,available,11.98,49.98,high,low,4,namecheap,,,30/09/2026 06:47
3e959384-f9a2-43b1-9e1b-f008cad51f73,messages.mba,available,11.98,49.98,high,low,8,namecheap,,,18/09/2026 22:11
abf9eb84-9920-425b-894e-fd759a3aad3d,geoffrey.mba,available,11.98,49.98,medium,low,8,namecheap,,,25/09/2026 13:35
1a733e8b-fa76-4bc7-be84-f2f5db477ca6,rac.mba,available,30.2,30.2,high,low,3,cloudflare,,,30/09/2026 04:10
8707cba5-2c7a-464f-a638-aa8183c0ad98,shop.mba,resell,,,high,medium,4,"Chengdu West Dimension Digital Technology Co., Ltd.",10/02/2019 04:52,10/02/2027 04:52,26/09/2026 08:59
7500aba4-7a19-4018-a900-f9be379678d8,mph.mba,available,30.2,30.2,high,low,3,cloudflare,,,30/09/2026 02:18
b5d2557d-9db3-4e8e-a2c4-d3fc9fb35be5,avril.mba,available,17,,medium,low,5,unstoppable,,,02/10/2026 22:03
6698e1d5-f370-484d-bbcf-2fa971461e29,kindred.mba,available,11.98,49.98,high,low,7,namecheap,,,
4711e5b2-f6b8-41fa-99f6-5e02a0ffd236,epirus.mba,available,10.55,31.25,medium,low,6,spaceship,,,30/09/2026 09:34
32b5fff4-954c-43c5-8540-f339930cb777,carrot.mba,available,17,,high,low,6,unstoppable,,,29/09/2026 00:20
fdaf27db-eff3-42fa-b777-2654cde815f2,finlay.mba,available,30.2,30.2,medium,low,6,cloudflare,,,29/09/2026 15:27
152f28c5-966b-4cbf-b461-4db4615aa053,proudly.mba,available,11.98,49.98,high,low,7,namecheap,,,15/09/2026 21:48
cfcbdb9e-edf8-400f-aae8-ccda87e9adc1,unclean.mba,available,11.98,49.98,medium,low,7,namecheap,,,14/08/2026 09:12
d2439743-9d28-4449-91b4-0f775968e321,peckish.mba,available,11.98,49.98,medium,low,7,namecheap,,,22/08/2026 10:23
ec7fed56-79c0-4c25-a89c-4b6df2c88c1e,downstair.mba,available,11.98,49.98,medium,low,9,namecheap,,,14/08/2026 17:57
c27f4556-1690-463d-90b6-11dff57251cf,attester.mba,available,17.99,39.99,medium,low,8,namesilo,,,21/09/2026 01:41
0a388e81-0eaf-495c-bece-7b82369d67f8,discontinue.mba,available,17,,high,low,11,unstoppable,,,01/10/2026 05:15
cb5f5ee9-6c2c-446d-9e07-06ceceebf9af,sculptor.mba,available,30.2,30.2,medium,low,8,cloudflare,,,30/09/2026 02:48
5cbd16ab-e889-467f-addf-bb64d002e780,religions.mba,available,10.55,31.25,medium,low,9,spaceship,,,30/09/2026 15:01
2f464a88-5f64-4fcb-ba30-4ab0ca128ba2,bigos.mba,available,17.99,39.99,medium,low,5,namesilo,,,23/09/2026 15:19
3138913a-17ef-4bdb-8c34-2cd4d7465a29,bilge.mba,available,17.99,39.99,medium,low,5,namesilo,,,23/09/2026 15:50
8e5037ee-3e75-4e33-9579-d5c8dfba363e,bifacial.mba,available,11.98,49.98,medium,low,8,namecheap,,,09/08/2026 19:57
548700ad-33f1-4265-bc2b-8cd1b385682d,shepard.mba,available,17.99,39.99,high,low,7,namesilo,,,18/09/2026 01:40
60f90481-268c-4dce-9415-abc9f748f4cc,worship.mba,available,17.99,39.99,high,low,7,namesilo,,,17/09/2026 09:43
1c693187-d766-4041-8161-e53b01150b4b,kenaf.mba,available,17.99,39.99,medium,low,5,namesilo,,,23/09/2026 16:55
1c057147-65e5-46ef-8cb6-c1c89675c416,branford.mba,available,10.55,31.25,medium,low,8,spaceship,,,02/10/2026 20:50
d8fabf18-acb1-4676-8a82-bfbcbbae9bcc,adventurous.mba,available,17.99,39.99,high,low,11,namesilo,,,29/09/2026 14:20
d0b3d9b6-d7ac-47e0-971d-4e52a1278b7b,scold.mba,available,17.99,39.99,high,low,5,namesilo,,,24/09/2026 16:34
8be68ca5-9258-4d7c-908b-df4f5cd000ca,benjamin.mba,available,17.99,39.99,high,low,8,namesilo,,,20/09/2026 12:34
c4377f13-af6e-4222-b91b-90ad632f0519,arcus.mba,available,17.99,39.99,high,low,5,namesilo,,,20/09/2026 03:02
6fa0e6cd-1c63-4efc-8551-78484ea82483,quaternity.mba,available,11.98,49.98,medium,low,10,namecheap,,,
171fb365-8e0f-4201-972c-35cd6243db86,advert.mba,available,10.55,31.25,high,low,6,spaceship,,,28/09/2026 11:46
215547b3-bd65-4417-bfde-c75a9b89d1f8,recreate.mba,available,11.98,49.98,high,low,8,namecheap,,,24/09/2026 14:10
5ebcce28-85bb-4d2d-ad67-3cf46060df19,ivy.mba,premium,242,242,high,low,3,namesilo,,,29/09/2026 10:26
7210b395-f127-40f2-a978-82b8e760d8ef,obstinate.mba,available,11.98,49.98,medium,low,9,namecheap,,,13/08/2026 12:17
ff82eaa4-71ed-4221-aea0-05e2a9276a7f,hometown.mba,available,17.99,39.99,medium,low,8,namesilo,,,30/09/2026 22:54
c6906648-b7f8-47e7-9dab-38b4343ffffc,limbic.mba,available,11.98,49.98,medium,low,6,namecheap,,,23/08/2026 11:49
4e83958b-966f-4555-bef0-959bbad471ce,entertain.mba,available,30.2,30.2,high,low,9,cloudflare,,,01/10/2026 16:56
d0b94bb6-e34c-47d5-a10c-5b420070f1af,nepa.mba,available,17,,medium,low,4,unstoppable,,,01/10/2026 19:45
ec13c164-019d-4b20-ada0-7db9ad3c04c8,mates.mba,available,17,,high,low,5,unstoppable,,,28/09/2026 10:21
97769df5-3d31-49c2-ae50-974ca2b7a426,brilliantly.mba,available,10.55,31.25,high,low,11,spaceship,,,29/09/2026 21:24
1dba0a2b-b7b0-4baf-b6eb-bb181f5e4886,totaled.mba,available,17.99,39.99,medium,low,7,namesilo,,,28/09/2026 09:24
45b4fbdc-2d83-477e-9445-7695310be060,polly.mba,available,11.98,49.98,high,low,5,namecheap,,,28/09/2026 07:34
b3949552-f2d0-4ed6-a8a0-afbcbaa0be0c,zones.mba,available,11.98,49.98,medium,low,5,namecheap,,,29/09/2026 16:49
65c30e29-d25d-4643-9514-a51bdf98f7d0,wording.mba,available,30.2,30.2,high,low,7,cloudflare,,,29/09/2026 08:51
ea11584b-07bf-41c2-a008-12269743b1ec,alcaeus.mba,available,17.99,39.99,medium,low,7,namesilo,,,18/09/2026 03:40
44708177-829a-4fac-9a6e-50fb1bf29567,aum.mba,available,17.99,39.99,high,low,3,namesilo,,,21/09/2026 04:10
5adc54df-18e9-46d6-bfb6-dfbe3d77bc3f,madera.mba,available,10.88,32.21,medium,low,6,dynadot,,,30/09/2026 12:25
4f8f338e-c055-4417-b4bb-e19ea68724a5,scrubby.mba,available,11.98,49.98,medium,low,7,namecheap,,,09/09/2026 23:39
5ddc939a-a0f4-46b5-8ace-882fddd7b357,aeration.mba,available,17.99,39.99,medium,low,8,namesilo,,,17/09/2026 12:46
d9701b02-355f-4cc5-9179-90680ce30f10,lukewarm.mba,available,11.98,49.98,medium,low,8,namecheap,,,20/08/2026 22:43
8b9a68fa-ed43-4826-b9d7-f9feaf99570c,explaining.mba,available,17.99,39.99,high,low,10,namesilo,,,27/09/2026 22:18
2b3d032c-8008-4d85-90b2-50be992de189,sexuality.mba,available,17.99,39.99,high,low,9,namesilo,,,28/09/2026 10:54
ad347410-bc8f-4112-a9e8-989ee3b207a4,elegantly.mba,available,11.98,49.98,medium,low,9,namecheap,,,14/09/2026 15:17
5d211a55-a83a-47ae-88f1-e232636ccff4,bertolucci.mba,available,17.99,39.99,medium,low,10,namesilo,,,23/09/2026 09:50
2c4f751a-6de1-4904-86cb-91305644fce6,prenatal.mba,available,17.99,39.99,high,low,8,namesilo,,,22/09/2026 05:55
ca6d56f9-3adb-44f6-808d-c5b23bccd35e,embroidery.mba,available,17.99,39.99,high,low,10,namesilo,,,01/10/2026 01:51
e0916990-fee5-4351-9f8d-7a42a03b9269,distributions.mba,available,17.99,39.99,medium,low,13,namesilo,,,25/09/2026 21:52
c20f08f0-8296-4a34-9248-835e7157e117,alcoves.mba,available,17.99,39.99,low,low,7,namesilo,,,20/09/2026 22:35
b27be3de-650c-4867-a0a7-1c16fe5534d5,kits.mba,available,10.81,31.41,high,low,4,porkbun,,,30/09/2026 07:22
4091f6c2-de74-46d5-8d17-4e41f04e502f,terrain.mba,available,30.2,30.2,high,low,7,cloudflare,,,28/09/2026 20:36
a84d71c4-5dc0-4c2a-b65a-9ccb1240bbb4,manner.mba,available,17.99,39.99,high,low,6,namesilo,,,28/09/2026 16:42
bbeb7d6a-b152-4661-82c5-c95842a7ecad,tomorrows.mba,available,17.99,39.99,medium,low,9,namesilo,,,21/09/2026 09:58
58e0b390-82b7-4a5c-83e4-6188d21e449a,deltoid.mba,available,11.98,49.98,medium,low,7,namecheap,,,14/08/2026 00:50
1ec4118d-2cfc-4b76-9b4f-e4e4af46f7f8,nitro.mba,available,17,,high,low,5,unstoppable,,,02/10/2026 10:03
c81dafd0-9862-409c-8747-d0d60f4d2ba2,beulah.mba,available,11.98,49.98,medium,low,6,namecheap,,,03/10/2026 05:06
4ccc9314-e98c-4ee2-a598-a444f48d89e3,sedan.mba,available,30.2,30.2,medium,low,5,cloudflare,,,01/10/2026 03:37
d74aa00d-8651-4222-8951-e3badad70fe1,congruous.mba,available,11.98,49.98,medium,low,9,namecheap,,,12/08/2026 21:56
2152db92-aeef-4a20-8a48-7bed69182906,carbonado.mba,available,17.99,39.99,medium,low,9,namesilo,,,24/09/2026 00:32
5eebaa14-287a-4223-be1c-12a1f832870e,pedestal.mba,available,17.99,39.99,high,low,8,namesilo,,,29/09/2026 12:23
b1efc705-de11-47e7-999e-5eac34a13e59,collins.mba,available,17.99,39.99,high,low,7,namesilo,,,24/09/2026 16:19
893112eb-307b-4d7f-8c58-d4a1a90654d8,meanly.mba,available,11.98,49.98,medium,low,6,namecheap,,,13/09/2026 23:32
049a284c-fef8-48ee-9e66-6efa5fa2ab61,liver.mba,available,11.98,49.98,high,low,5,namecheap,,,24/08/2026 08:02
de4cff0f-ea2c-4c24-aab2-ac8cf8dfea2c,stripling.mba,available,11.98,49.98,medium,low,9,namecheap,,,
7f52c3a0-ed32-4154-826f-71d5e23cdfd6,lipstick.mba,available,17.99,39.99,high,low,8,namesilo,,,02/10/2026 05:27
20770807-8dcc-4e0b-8f73-3d69ec3f7c86,hooper.mba,available,17,,medium,low,6,unstoppable,,,29/09/2026 02:55
928ddf46-f3c4-4242-a075-79f42e67f70b,octavian.mba,available,11.98,49.98,high,low,8,namecheap,,,21/09/2026 04:03
41205f7f-fe80-4740-be66-5b40db65c59e,shrieking.mba,available,11.98,49.98,medium,low,9,namecheap,,,09/09/2026 23:55
b32e4646-46eb-44a7-8d7c-d85d26d58114,bidens.mba,available,10.55,31.25,medium,low,6,spaceship,,,29/09/2026 02:29
bcf67a1b-5761-4d7a-b20d-cbb8a30b967b,trillion.mba,available,11.98,49.98,high,low,8,namecheap,,,11/09/2026 19:49
7653d161-d785-4522-8497-c8ffaee234bb,spears.mba,available,10.81,31.41,medium,low,6,porkbun,,,29/09/2026 05:36
f4ef6134-2f9b-4aae-945a-8094d537dd07,dourly.mba,available,11.98,49.98,low,low,6,namecheap,,,14/09/2026 13:56
809b1ef4-cbbc-4c6a-97dc-382e098096a4,unavoidable.mba,available,11.98,49.98,high,low,11,namecheap,,,30/09/2026 11:43